Stock Symbol,Company Name,DARS Rating,Ex-Div Date,Payout Frequency,Div Payout,Pay Date,Qualified Dividend,Stock Price,Yield,Sector,Industry,Record Date,Declare Date,ADR
JBN,"Corporate Backed Call Trust Certificates J C Penney Debentur J.C. Penney Debenture-Backed Series 2007-1, Class",N/A,2020-02-27,Semi Annually,$0.8750,2020-03-01,Non-Qualified,$6.00,28.93%,Uncategorized,Other,2020-02-28,2020-01-21,No
HJV,Saturns Trust No 2007-1 7% Callable Class A Units,N/A,2020-02-25,Semi Annually,$0.8750,2020-03-01,Non-Qualified,$6.12,28.74%,Uncategorized,Other,2020-02-26,2020-01-21,No
JBR,Corporate Backed Callable Trust Certificates JC Penney Deben JC Penney Deb Bkd 2006-1 Ctf A-1,N/A,2020-02-27,Semi Annually,$0.8750,2020-03-01,Non-Qualified,$6.08,28.46%,Uncategorized,Other,2020-02-28,2020-01-21,No
KTP,CORTSsm Trust for J.C. Penney 7.625% Cortsk Ctfs,N/A,2020-02-27,Semi Annually,$0.9531,2020-03-01,Non-Qualified,$6.77,27.75%,Uncategorized,Other,2020-02-28,2020-01-21,No
PEI,Penn Real Estate Trust,1.0,2020-02-28,Quarter,$0.2100,2020-03-16,Non-Qualified,$3.73,23.33%,Financial,Reit Retail,2020-03-02,2020-02-20,No
NNA,Navios Maritime Acquisition Corp Ord,0.2,2020-03-04,Quarter,$0.3000,2020-04-07,Unknown,$4.88,22.64%,Services,Shipping,2020-03-05,2020-01-22,No
CHK-PR-D,Chesapeake Energy Corp. 4.50% Cum Conv Pfd Stk,N/A,2020-02-27,Quarter,$1.1250,2020-03-15,Qualified,$19.30,22.24%,Uncategorized,Other,2020-03-01,2020-01-17,No
SJT,San Juan Basin Royalty Trust,0.0,2020-02-27,Monthly,$0.0370,2020-03-13,Unknown,$2.43,17.06%,Financial,Diversified Investments,2020-02-28,2020-02-18,No
PBT,Permian Basin Royalty Trust Units Ben. Int.,0.2,2020-02-27,Monthly,$0.0503,2020-03-13,Unknown,$3.88,15.71%,Financial,Diversified Investments,2020-02-28,2020-02-18,No
YGYIP,Youngevity International Inc - 9.75% PRF PERPETUAL USD 25 - Ser D,N/A,2020-02-27,Monthly,$0.2031,2020-03-16,Qualified,$16.45,14.76%,Uncategorized,Other,2020-02-28,2020-01-17,No
ORC,Orchid Island Capital Inc,1.8,2020-02-27,Monthly,$0.0800,2020-03-27,Non-Qualified,$6.57,14.63%,Financial,Mortgage Investment,2020-02-28,2020-02-12,No
PVL,Permianville Royalty Trust,1.0,2020-02-27,Monthly,$0.0245,2020-03-13,Non-Qualified,$2.01,14.48%,Basic Materials,Oil And Gas Refining And Marketing,2020-02-28,2020-02-18,No
CRT,Cross Timbers Royalty Trust Units,0.6,2020-02-27,Monthly,$0.1060,2020-03-13,Unknown,$8.90,13.99%,Basic Materials,Oil And Gas Drilling And Exploration,2020-02-28,2020-02-18,No
MARPS,Marine Petroleum Trust Units Ben. Int.,0.4,2020-02-27,Quarter,$0.0655,2020-03-30,Non-Qualified,$1.95,13.93%,Financial,Diversified Investments,2020-02-28,2020-02-18,No
GECC,Great Elm Capital Corp,1.0,2020-02-27,Monthly,$0.0830,2020-03-13,Unknown,$7.95,12.47%,Financial,Asset Management,2020-02-28,2019-12-06,No
PRT,PermRock Royalty Trust,0.4,2020-02-27,Monthly,$0.0511,2020-03-13,Unknown,$5.02,11.96%,Basic Materials,Oil And Gas Equipment And Services,2020-02-28,2020-02-18,No
YCBD-PR-A,cbdMD Inc - 8% PRF PERPETUAL USD 10 - Ser A,N/A,2020-02-27,Monthly,$0.0667,2020-03-16,Qualified,$6.97,11.45%,Uncategorized,Other,2020-03-01,2020-02-14,No
BEBE,Bebe Stores,0.8,2020-02-26,Quarter,$0.1700,2020-03-12,Qualified,$5.92,11.37%,Consumer Goods,Textile Apparel Clothing,2020-02-27,2020-02-10,No
PSEC,Prospect Capital Corporation,1.2,2020-02-27,Monthly,$0.0600,2020-03-19,Unknown,$6.46,11.01%,Financial,Asset Management,2020-02-28,2020-02-10,No
AFSIM,AmTrust Financial Services Inc - 7.75% PRF PERPETUAL USD 25 - Ser E 1/40th Sh,N/A,2020-02-27,Quarter,$0.4844,2020-03-16,Qualified,$18.20,10.59%,Uncategorized,Other,2020-03-01,2020-02-10,No
AFSIC,AmTrust Financial Services Inc - 7.625% PRF PERPETUAL USD 25 - Ser C,N/A,2020-02-27,Quarter,$0.4766,2020-03-16,Qualified,$18.08,10.56%,Uncategorized,Other,2020-03-01,2020-02-10,No
AFSIP,AmTrust Financial Services Inc - 7.50% PRF PERPETUAL USD 25 - Ser D,N/A,2020-02-27,Quarter,$0.4688,2020-03-16,Qualified,$18.00,10.42%,Uncategorized,Other,2020-03-01,2020-02-10,No
FTF,Franklin Templeton Limited Duration Income Trust,1.2,2020-02-27,Monthly,$0.0838,2020-03-13,Unknown,$9.67,10.35%,Financial,Closed End Fund Debt,2020-02-28,2020-02-18,No
FEI,First Trust MLP and Energy Income Fund,N/A,2020-03-02,Monthly,$0.1000,2020-03-16,Unknown,$11.42,10.33%,Uncategorized,Other,2020-03-03,2020-01-21,No
PEI-PR-C,Pennsylvania Real Estate Investment Trust 7.20% Series C Cumulative Redeemable Perpetual Preferred Shares,N/A,2020-02-28,Quarter,$0.4500,2020-03-16,Non-Qualified,$17.25,10.22%,Uncategorized,Other,2020-03-02,2020-02-20,No
BGCP,BGC Partners ,2.0,2020-02-25,Quarter,$0.1400,2020-03-11,Qualified,$5.37,10.18%,Financial,Investment Brokerage National,2020-02-26,2020-02-05,No
VAM,Vivaldi Opportunities Fund,N/A,2020-03-04,Monthly,$0.1158,2020-03-13,Unknown,$13.82,10.12%,Uncategorized,Other,2020-03-05,2020-02-21,No
AFSIB,AmTrust Financial Services Inc - 7.25% PRF PERPETUAL USD 25 - Ser B Dep.Shs,N/A,2020-02-27,Quarter,$0.4531,2020-03-16,Qualified,$18.00,10.07%,Uncategorized,Other,2020-03-01,2020-02-10,No
AGNC,American Capital Agency,1.4,2020-02-27,Monthly,$0.1600,2020-03-10,Non-Qualified,$19.06,9.97%,Financial,Mortgage Investment,2020-02-28,2020-02-13,No
MTBCP,"Medical Transcription Billing, Corp.",N/A,2020-02-27,Monthly,$0.2292,2020-03-16,Unknown,$27.39,9.95%,Uncategorized,Other,2020-02-29,2019-11-11,No
GLOG,GasLog Ltd,1.2,2020-02-28,Quarter,$0.1500,2020-03-12,Unknown,$5.67,9.92%,Services,Shipping,2020-03-02,2020-02-05,No
FPL,First Trust New Opportunities M,N/A,2020-03-02,Monthly,$0.0750,2020-03-16,Unknown,$8.97,9.86%,Uncategorized,Other,2020-03-03,2020-01-21,No
PEI-PR-B,Pennsylvania Real Estate Investment Trust Cumulative Redeemable Perpetual Preferred Shares Series B,N/A,2020-02-28,Quarter,$0.4609,2020-03-16,Non-Qualified,$18.78,9.81%,Uncategorized,Other,2020-03-02,2020-02-20,No
QUAD,Quad Graphics,0.0,2020-02-27,Quarter,$0.1500,2020-03-09,Qualified,$5.43,9.69%,Services,Business Services,2020-02-28,2020-02-18,No
GLOP-PR-C,Gaslog Partners LP - FXDFR PRF PERPETUAL USD 25 - Ser C,N/A,2020-03-06,Quarter,$0.5313,2020-03-16,Qualified,$22.01,9.65%,Uncategorized,Other,2020-03-09,2020-02-05,No
FDEU,First Trust Dynamic Europe Equity Income Fund,1.4,2020-03-02,Monthly,$0.1210,2020-03-16,Unknown,$14.51,9.65%,Financial,Closed End Fund Equity,2020-03-03,2020-02-20,No
EFC,Ellington Financial LLC,2.4,2020-02-27,Monthly,$0.1500,2020-03-25,Non-Qualified,$18.57,9.61%,Financial,Mortgage Investment,2020-02-28,2020-02-07,No
AFSIN,AmTrust Financial Services Inc - 6.95% PRF PERPETUAL USD 25 - Ser F 1/40th sh,N/A,2020-02-27,Quarter,$0.4344,2020-03-16,Qualified,$18.10,9.60%,Uncategorized,Other,2020-03-01,2020-02-10,No
NCMI,National Cinemedia,3.2,2020-03-02,Quarter,$0.1900,2020-03-17,Qualified,$8.79,9.50%,Services,Marketing Services,2020-03-03,2020-02-20,No
GLOP-PR-A,GasLog Partners LP 8.625% Series A Cumulative Redeemable Perpetual Fixed to Floating Rate Preference Units,N/A,2020-03-06,Quarter,$0.5391,2020-03-16,Qualified,N/A,9.40%,Uncategorized,Other,2020-03-09,2020-02-05,No
GLOP-PR-B,Gaslog Partners LP - FXDFR PRF PERPETUAL USD 25 - Ser B,N/A,2020-03-06,Quarter,$0.5125,2020-03-16,Qualified,$21.85,9.38%,Uncategorized,Other,2020-03-09,2020-02-05,No
AMU,ETRACS Alerian MLP Index ETN,N/A,2020-02-28,Quarter,$0.2726,2020-03-10,Unknown,$12.26,9.32%,Uncategorized,Other,2020-03-02,N/A,No
CVI,"CVR Energy, Inc.",0.8,2020-02-28,Quarter,$0.8000,2020-03-09,Qualified,$33.49,9.28%,Basic Materials,Oil And Gas Refining And Marketing,2020-03-02,2020-02-19,No
AMJ,JP Morgan Alerian MLP Index ETN,N/A,2020-02-28,Quarter,$0.4328,2020-03-10,Non-Qualified,$19.55,9.28%,Uncategorized,Other,2020-03-02,N/A,No
CSSEP,"Chicken Soup for the Soul Entertainment, Inc. Cumulative Redeemable Preferred Shares Series A",N/A,2020-02-27,Monthly,$0.2031,2020-03-16,Qualified,$26.15,9.28%,Uncategorized,Other,2020-02-29,2020-02-14,No
AFSIA,AmTrust Financial Services Inc - 6.75% PRF PERPETUAL USD 25 - Ser A,N/A,2020-02-27,Quarter,$0.4219,2020-03-16,Qualified,$18.25,9.17%,Uncategorized,Other,2020-03-01,2020-02-10,No
SCM,Stellus Capital Investment Corp,2.4,2020-02-27,Monthly,$0.1133,2020-03-13,Unknown,$14.25,9.05%,Financial,Closed End Fund Equity,2020-02-28,2020-01-10,No
AI-PR-C,Arlington Asset Investment Corp - FXDFR PRF PERPETUAL USD 25 - Ser C,N/A,2020-02-27,Quarter,$0.5156,2020-03-30,Qualified,$23.39,8.75%,Uncategorized,Other,2020-02-28,2020-02-13,No
HQL,H&Q Life Sciences Investors Shs. Ben. Int.,1.4,2020-02-27,Quarter,$0.3900,2020-03-31,Unknown,$17.48,8.73%,Financial,Closed End Fund Equity,2020-02-28,2020-02-18,No
NS-PR-C,Nustar Energy L P - FXDFR PRF PERPETUAL USD 25 - Ser C,N/A,2020-02-28,Quarter,$0.5625,2020-03-16,Unknown,$25.17,8.71%,Uncategorized,Other,2020-03-02,2020-01-31,No
HQH,Tekla Healthcare Investors,1.4,2020-02-27,Quarter,$0.4700,2020-03-31,Unknown,$21.16,8.70%,Financial,Closed End Fund Equity,2020-02-28,2020-02-18,No
NGLS-PR-A,Targa Resources Partners LP - FXDFR PRF PERPETUAL USD 25 - Ser A,N/A,2020-02-27,Monthly,$0.1875,2020-03-16,Unknown,$25.75,8.69%,Uncategorized,Other,2020-02-28,2020-02-14,No
CLNC,"Colony Credit Real Estate, Inc.",1.0,2020-02-27,Monthly,$0.1000,2020-03-10,Unknown,$13.69,8.62%,Financial,Reit Office,2020-02-29,2020-02-14,No
MTR,Mesa Royalty Trust Units Ben Int,0.6,2020-02-27,Monthly,$0.0507,2020-04-30,Non-Qualified,$6.97,8.61%,Financial,Diversified Investments,2020-02-28,2020-02-18,No
AMUB,ETRACS Alerian MLP Index ETN Se,N/A,2020-02-28,Quarter,$0.2726,2020-03-10,Unknown,$12.41,8.61%,Uncategorized,Other,2020-03-02,2020-02-21,No
PLWN,Pinelawn Cemetery,N/A,2020-02-27,Semi Annually,$13.6500,2020-03-27,Qualified,$320.00,8.53%,Uncategorized,Other,2020-02-29,2020-02-10,No
NS-PR-A,Nustar Energy L P - FXDFR PRF PERPETUAL USD 25 - Ser A,N/A,2020-02-28,Quarter,$0.5313,2020-03-16,Unknown,$24.56,8.46%,Uncategorized,Other,2020-03-02,2020-01-31,No
WSR,Whitestone REIT Cl B Shs Ben Int,2.2,2020-03-02,Monthly,$0.0950,2020-03-13,Non-Qualified,$13.45,8.37%,Financial,Reit Diversified,2020-03-03,2019-12-18,No
PEI-PR-D,Pennsylvania Real Estate Investment Trust 6.875% Series D Cumulative Redeemable Perpetual Preferred Shares,N/A,2020-02-28,Quarter,$0.4297,2020-03-16,Non-Qualified,$20.30,8.34%,Uncategorized,Other,2020-03-02,2020-02-20,No
NAT,Nordic American Tankers,0.4,2020-02-28,Quarter,$0.0700,2020-03-16,Unknown,$3.02,8.33%,Services,Shipping,2020-03-02,2020-02-18,No
AFIN,"American Finance Trust, Inc.",1.4,2020-03-06,Monthly,$0.0917,2020-03-16,Qualified,$13.00,8.33%,Financial,Reit Diversified,2020-03-09,2020-01-02,No
FSD,First Trust High Income Long / Short Fund,N/A,2020-03-02,Monthly,$0.1100,2020-03-16,Unknown,$15.76,8.31%,Uncategorized,Other,2020-03-03,2020-02-20,No
FAM,First Trust / Aberdeen Global Opportunity Income Fund Com Shs,N/A,2020-03-02,Monthly,$0.0800,2020-03-16,Unknown,$11.46,8.30%,Uncategorized,Other,2020-03-03,2020-02-20,No
ABR,"Arbor Realty Trust, Inc.",1.4,2020-02-27,Quarter,$0.3000,2020-03-17,Non-Qualified,$14.33,8.11%,Financial,Reit Diversified,2020-02-28,2020-02-14,No
HTGC,Hercules Technology Growth Capital,2.4,2020-02-28,Quarter,$0.3200,2020-03-09,Unknown,$15.64,8.01%,Financial,Diversified Investments,2020-03-02,2020-02-19,No
NS-PR-B,Nustar Energy L P - FXDFR PRF PERPETUAL USD 25 - Ser B,N/A,2020-02-28,Quarter,$0.4766,2020-03-16,Unknown,$23.36,7.99%,Uncategorized,Other,2020-03-02,2020-01-31,No
MITT-PR-A,"AG Mortgage Investment Trust, Inc. 8.25% Preferred Series A",N/A,2020-02-27,Quarter,$0.5156,2020-03-17,Non-Qualified,N/A,7.98%,Uncategorized,Other,2020-02-28,2020-02-14,No
APLE,"Apple Hospitality REIT, Inc.",2.6,2020-03-03,Monthly,$0.1000,2020-03-16,Non-Qualified,$14.59,7.95%,Financial,Real Estate Development,2020-03-04,2020-02-21,No
FCT,First Trust Senior Floating Rate Income Fund II,N/A,2020-03-02,Monthly,$0.0825,2020-03-16,Unknown,$12.49,7.88%,Uncategorized,Other,2020-03-03,2020-02-20,No
BLX,Banco Latinoamericano,2.4,2020-02-25,Quarter,$0.3850,2020-03-12,Unknown,$19.14,7.87%,Financial,Foreign Money Center Banks,2020-02-26,2020-02-14,No
TPCO,Tribune Publishing Co,N/A,2020-02-28,Quarter,$0.2500,2020-03-16,Qualified,$12.40,7.84%,Uncategorized,Other,2020-03-02,2020-02-19,No
DCP-PR-B,DCP Midstream LP - FXDFR PRF PERPETUAL USD 25 - Ser B,N/A,2020-02-28,Quarter,$0.4922,2020-03-16,Unknown,$24.82,7.83%,Uncategorized,Other,2020-03-02,2020-01-22,No
CLDT,Chatham Lodging Trust,2.2,2020-02-27,Monthly,$0.1100,2020-03-27,Non-Qualified,$16.45,7.78%,Financial,Reit Hotel Motel,2020-02-28,2020-02-10,No
STAR-PR-D,iStar Inc - 8% PRF PERPETUAL USD 25 - Ser D,N/A,2020-02-28,Quarter,$0.5000,2020-03-16,Non-Qualified,$25.78,7.75%,Uncategorized,Other,2020-03-02,2020-02-20,No
IGD,ING Global Equity Dividend & Premium Opportunity Fund,1.2,2020-03-02,Monthly,$0.0400,2020-03-16,Unknown,$6.07,7.73%,Financial,Closed End Fund Foreign,2020-03-03,2020-02-18,No
TRTN-PR-A,Triton International Ltd - 8.50% PRF PERPETUAL USD 25 - Ser A,N/A,2020-03-06,Quarter,$0.5313,2020-03-16,Unknown,$27.42,7.71%,Uncategorized,Other,2020-03-09,2020-02-14,No
MITT-PR-B,"AG Mortgage Investment Trust, Inc. Preferred Series B",N/A,2020-02-27,Quarter,$0.5000,2020-03-17,Non-Qualified,N/A,7.70%,Uncategorized,Other,2020-02-28,2020-02-14,No
MHLA,"Maiden Holdings, Ltd. 6.625% No",N/A,2020-02-27,Quarter,$0.4141,2020-03-14,Non-Qualified,$21.43,7.67%,Uncategorized,Other,2020-02-28,2019-10-28,No
FIF,First Trust Energy Infrastructure Fund,N/A,2020-03-02,Monthly,$0.1100,2020-03-16,Unknown,$17.04,7.64%,Uncategorized,Other,2020-03-03,2020-02-20,No
AI-PR-B,Arlington Asset Investment Corp 7 % Cumulative Redeemable Preferred Shares Series B,N/A,2020-02-27,Quarter,$0.4375,2020-03-30,Qualified,$22.94,7.61%,Uncategorized,Other,2020-02-28,2020-02-13,No
PMT-PR-A,PennyMac Mortgage Investment Trust 8.125% Series A Fixed-to-Floating Rate Cumulative Redeemable Preferred Shares,N/A,2020-02-27,Quarter,$0.5078,2020-03-16,Non-Qualified,$26.70,7.58%,Uncategorized,Other,2020-03-01,2020-02-14,No
BRMK,Broadmark Realty Capital Inc,N/A,2020-02-27,Monthly,$0.0800,2020-03-13,Non-Qualified,$12.62,7.56%,Uncategorized,Other,2020-02-28,2020-02-18,No
CIM-PR-D,Chimera Investment Corp - FXDFR PRF PERPETUAL USD 25 - Ser D,N/A,2020-02-27,Quarter,$0.5000,2020-03-31,Non-Qualified,$26.55,7.53%,Uncategorized,Other,2020-02-28,2020-02-11,No
MDP,Meredith Corp,1.4,2020-02-27,Quarter,$0.5950,2020-03-13,Qualified,$29.61,7.53%,Services,Publishing Periodicals,2020-02-28,2020-02-03,No
PMT-PR-B,PennyMac Mortgage Investment Trust 8.00% Series B Fixed-to-Floating Rate Cumulative Redeemable Preferred Shares,N/A,2020-02-27,Quarter,$0.5000,2020-03-16,Non-Qualified,$26.67,7.49%,Uncategorized,Other,2020-03-01,2020-02-14,No
STAR-PR-G,iStar Financial Inc. Preferred Stock Series G,N/A,2020-02-28,Quarter,$0.4781,2020-03-16,Non-Qualified,N/A,7.42%,Uncategorized,Other,2020-03-02,2020-02-20,No
MITT-PR-C,AG Mortgage Investment Trust Inc - FXDFR PRF PERPETUAL USD 25 - Ser C,N/A,2020-02-27,Quarter,$0.5000,2020-03-17,Non-Qualified,$26.84,7.42%,Uncategorized,Other,2020-02-28,2020-02-14,No
CIM-PR-B,Chimera Investment Corp Cumulative Redeemable Preferred Shares Series B,N/A,2020-02-27,Quarter,$0.5000,2020-03-31,Non-Qualified,$26.79,7.42%,Uncategorized,Other,2020-02-28,2020-02-11,No
RTLR,Rattler Midstream Lp - Unit,N/A,2020-03-02,Quarter,$0.2900,2020-03-10,Unknown,$14.94,7.40%,Uncategorized,Other,2020-03-03,2020-02-13,No
TRTN-PR-B,Triton International Ltd - 8% PRF PERPETUAL USD 25 - Ser B,N/A,2020-03-06,Quarter,$0.5000,2020-03-16,Unknown,$26.94,7.39%,Uncategorized,Other,2020-03-09,2020-02-14,No
CIM-PR-A,Chimera Investment Corp 8 % Cumulative Redeemable Preferred Shares Series A,N/A,2020-02-27,Quarter,$0.5000,2020-03-31,Non-Qualified,$26.79,7.37%,Uncategorized,Other,2020-02-28,2020-02-11,No
CIM-PR-C,Chimera Investment Corp - FXDFR PRF PERPETUAL USD 25 - Ser C,N/A,2020-02-27,Quarter,$0.4844,2020-03-31,Non-Qualified,$26.34,7.36%,Uncategorized,Other,2020-02-28,2020-02-11,No
NGHCZ,National General Holdings Corp.,N/A,2020-02-27,Quarter,$0.4766,2020-03-16,Non-Qualified,$26.08,7.30%,Uncategorized,Other,2020-03-01,2015-08-13,No
STAR-PR-I,iStar Financial Inc. Preferred Series I,N/A,2020-02-28,Quarter,$0.4688,2020-03-16,Non-Qualified,N/A,7.30%,Uncategorized,Other,2020-03-02,2020-02-20,No
PIHPP,1347 Property Insurance Holdings Inc 8 % Cumulative Perpetual Redeemable Preferred Shares Series A,N/A,2020-02-27,Quarter,$0.5000,2020-03-16,Unknown,$27.47,7.28%,Uncategorized,Other,2020-03-01,2020-02-12,No
CIT-PR-B,CIT Group Inc - 5.625% PRF PERPETUAL USD 25 - Ser B,N/A,2020-02-27,Quarter,$0.4766,2020-03-16,Qualified,$26.07,7.26%,Uncategorized,Other,2020-02-28,2020-01-22,No
NLY-PR-D,Annaly Capital Management Inc Preferred Series D,N/A,2020-02-28,Quarter,$0.4688,2020-03-31,Non-Qualified,$25.95,7.22%,Uncategorized,Other,2020-03-02,2020-02-14,No
MFA-PR-B,"MFA Financial, Inc. Preferred Series B",N/A,2020-02-28,Quarter,$0.4688,2020-03-31,Non-Qualified,$25.91,7.21%,Uncategorized,Other,2020-03-02,2020-02-14,No
GBDC,Golub Capital BDC Inc,1.6,2020-03-05,Quarter,$0.3300,2020-03-27,Unknown,$18.37,7.17%,Financial,Closed End Fund Equity,2020-03-06,2020-02-04,No
BANC-PR-D,Banc of California Inc PRFD 'D',N/A,2020-02-27,Quarter,$0.4609,2020-03-16,Qualified,N/A,7.14%,Uncategorized,Other,2020-02-28,2020-02-10,No
BPR,Brookfield Property REIT Inc Class A,1.6,2020-02-27,Quarter,$0.3325,2020-03-31,Non-Qualified,$18.47,7.12%,Financial,Reit Retail,2020-02-28,2020-02-05,No
BPY,Brookfield Property Partners LP,2.4,2020-02-27,Quarter,$0.3325,2020-03-31,Unknown,$18.45,7.12%,Financial,Real Estate Development,2020-02-28,2020-02-05,No
IVR-PR-B,Invesco Mortgage Capital Inc - FXDFR PRF PERPETUAL USD 25 - Ser B,N/A,2020-03-04,Quarter,$0.4844,2020-03-27,Non-Qualified,$27.21,7.12%,Uncategorized,Other,2020-03-05,2020-02-18,No
BHPBF,BHP Group Plc,N/A,2020-03-05,Semi Annually,$0.6500,2020-03-24,Unknown,$21.95,7.11%,Uncategorized,Other,2020-03-06,N/A,No
FUN,Cedar Fair L.P.,2.0,2020-03-03,Quarter,$0.9350,2020-03-17,Unknown,$50.60,7.09%,Services,General Entertainment,2020-03-04,2020-02-19,No
TSLX,"TPG Specialty Lending, Inc.",2.6,2020-02-27,Quarter,$0.0600,2020-03-31,Qualified,$22.98,7.04%,Financial,Mortgage Investment,2020-02-28,2020-02-19,No
COWNZ,"Cowen, Inc., 7.35% Senior Notes Due 2027",N/A,2020-02-27,Quarter,$0.4594,2020-03-15,Non-Qualified,$26.04,7.02%,Uncategorized,Other,2020-03-01,2020-01-22,No
TRTN-PR-C,Triton International Ltd - 7.375% PRF PERPETUAL USD 25 - Ser C,N/A,2020-03-06,Quarter,$0.4600,2020-03-16,Unknown,$26.15,6.99%,Uncategorized,Other,2020-03-09,2020-02-14,No
FBPRP,First Bancorp PR - 7.125% PFS PERPETUAL USD 25 - Ser A,N/A,2020-02-26,Monthly,$0.1484,2020-03-02,Unknown,$25.51,6.98%,Uncategorized,Other,2020-02-27,2019-12-19,No
COWNL,"Cowen Group, Inc.",N/A,2020-02-27,Quarter,$0.4844,2020-03-15,Non-Qualified,$27.80,6.96%,Uncategorized,Other,2020-03-01,N/A,No
UZB,United States Cellular Corporation,1.0,2020-02-27,Quarter,$0.4531,2020-03-01,Non-Qualified,$26.05,6.95%,Technology,Wireless Communications,2020-02-28,2019-10-28,No
SPKE,Spark Energy Inc,1.2,2020-02-28,Quarter,$0.1813,2020-03-16,Qualified,$10.08,6.94%,Utilities,Electric Utilities,2020-03-02,2020-01-21,No
UZC,United States Cellular Corporat,1.0,2020-02-27,Quarter,$0.4531,2020-03-01,Non-Qualified,$26.18,6.87%,Technology,Wireless Communications,2020-02-28,2019-10-28,No
IVR-PR-C,Invesco Mortgage Capital Inc Cumulative Redeemable Preferred Shares Series C,N/A,2020-03-04,Quarter,$0.4688,2020-03-27,Non-Qualified,$27.30,6.87%,Uncategorized,Other,2020-03-05,2020-02-18,No
IID,ING International High Dividend Equity Income Fund,N/A,2020-03-02,Monthly,$0.0300,2020-03-16,Unknown,$5.14,6.84%,Uncategorized,Other,2020-03-03,2020-02-18,No
CUBI-PR-C,Customers Bancorp Inc - FXDFR PRF PERPETUAL USD 25 - Ser C,N/A,2020-02-27,Quarter,$0.4375,2020-03-16,Qualified,$25.77,6.79%,Uncategorized,Other,2020-02-28,2020-02-13,No
AIC,Arlington Asset Investment Corp,N/A,2020-02-27,Quarter,$0.4219,2020-03-15,Non-Qualified,$24.93,6.76%,Uncategorized,Other,2020-02-29,2019-10-25,No
NLY-PR-F,Annaly Capital Management Inc 6.95% Series F Fixed-to-Floating Rate Cumulative Redeemable Preferred Stock,N/A,2020-02-28,Quarter,$0.4344,2020-03-31,Non-Qualified,$26.19,6.63%,Uncategorized,Other,2020-03-02,2020-02-14,No
BANC-PR-E,Banc of California Inc - 7% PRF PERPETUAL USD 25 - Ser E Repstg 1/40th,N/A,2020-02-27,Quarter,$0.4375,2020-03-16,Qualified,$26.45,6.62%,Uncategorized,Other,2020-02-28,2020-02-10,No
EPR,EPR Properties,2.2,2020-02-27,Monthly,$0.3750,2020-03-16,Non-Qualified,$67.46,6.60%,Financial,Real Estate Development,2020-02-28,2020-02-14,No
SPLP-PR-A,Steel Partners Holdings LP 6 % Cumulative Preferred Shares Series A,N/A,2020-02-27,Quarter,$0.3750,2020-03-15,Non-Qualified,N/A,6.58%,Uncategorized,Other,2020-03-01,2020-02-14,No
VER-PR-F,VEREIT Inc 6.70% Cumulative Redeemable Preferred Shares Series F,N/A,2020-02-27,Monthly,$0.1396,2020-03-16,Non-Qualified,$25.59,6.52%,Uncategorized,Other,2020-03-01,2019-11-05,No
APMSF,Aperam SA,N/A,2020-03-02,Quarter,$0.4375,2020-03-26,Unknown,$26.85,6.52%,Uncategorized,Other,2020-03-03,N/A,No
NLY-PR-I,Annaly Capital Management Inc - FXDFR PRF PERPETUAL USD 25 - Ser I,N/A,2020-02-28,Quarter,$0.4219,2020-03-31,Non-Qualified,$26.03,6.47%,Uncategorized,Other,2020-03-02,2020-02-14,No
FPF,First Trust Intrmdt Drtn Prfrd & Incm Fd,N/A,2020-03-02,Monthly,$0.1325,2020-03-16,Unknown,$24.47,6.45%,Uncategorized,Other,2020-03-03,2020-02-20,No
DCUE,Dominion Energy Inc - Units - 2019 Series A,N/A,2020-02-27,Quarter,$1.8125,2020-03-01,Non-Qualified,$112.74,6.43%,Uncategorized,Other,2020-02-28,2020-01-21,No
NLY-PR-G,Annaly Capital Management Inc 6.50% Series G Fixed-to-Floating Rate Cumulative Redeemable Preferred Stock,N/A,2020-02-28,Quarter,$0.4063,2020-03-31,Non-Qualified,$25.46,6.35%,Uncategorized,Other,2020-03-02,2020-02-14,No
KKR-PR-A,KKR & Co. L.P. 6.75% Series A Preferred Units,1.6,2020-02-27,Quarter,$0.4219,2020-03-16,Qualified,$26.66,6.32%,Financial,Diversified Investments,2020-03-01,2020-01-31,No
AGRIP,Agribank FCB - FXDFR PRF PERPETUAL USD - Ser A,N/A,2020-02-27,Quarter,$1.7188,2020-04-01,Qualified,$109.25,6.29%,Uncategorized,Other,2020-03-01,2020-01-22,No
KRO,Kronos Worldwide Inc,2.0,2020-03-02,Quarter,$0.1800,2020-03-12,Qualified,$11.16,6.28%,Basic Materials,Specialty Chemicals,2020-03-03,2020-02-19,No
CUBI-PR-D,"Customers Bancorp, Inc Fixed-to-Floating Rate Non-Cumulative Perpetual Preferred Stock, Series",N/A,2020-02-27,Quarter,$0.4063,2020-03-16,Qualified,N/A,6.23%,Uncategorized,Other,2020-02-28,2020-02-13,No
CTBB,Qwest Corporation 6.5% Notes due 2056,N/A,2020-02-27,Quarter,$0.4063,2020-03-02,Non-Qualified,$25.93,6.23%,Uncategorized,Other,2020-02-28,2019-10-25,No
TCBIP,"Texas Capital Bancshares, Inc. - Non Cumulative Preferred Perpetual Stock Series A",N/A,2020-02-28,Quarter,$0.4063,2020-03-16,Non-Qualified,$26.23,6.18%,Uncategorized,Other,2020-03-02,2020-01-28,No
WHG,Westwood Holdings,1.2,2020-03-05,Quarter,$0.4300,2020-04-01,Qualified,$26.99,6.17%,Financial,Asset Management,2020-03-06,2020-02-05,No
CUBI-PR-E,"Customers Bancorp, Inc Fixed-to-Floating Rate Non-Cumulative Perpetual Preferred Stock, Series",N/A,2020-02-27,Quarter,$0.4031,2020-03-16,Qualified,N/A,6.12%,Uncategorized,Other,2020-02-28,2020-02-13,No
BPYPP,Brookfield Property Partners L.P. - 6.50% PRF PERPETUAL USD 25 - Ser 1 Cls A,N/A,2020-02-28,Quarter,$0.4063,2020-03-31,Non-Qualified,$26.52,6.11%,Uncategorized,Other,2020-03-02,2020-02-04,No
TCBIL,Texas Capital BancShares Inc.,N/A,2020-03-05,Quarter,$0.4063,2020-03-23,Non-Qualified,$26.45,6.07%,Uncategorized,Other,2020-03-06,N/A,No
PBB,Prospect Capital Corporation 6.,N/A,2020-02-27,Quarter,$0.3906,2020-03-15,Non-Qualified,$25.77,6.05%,Uncategorized,Other,2020-02-28,2020-01-21,No
CTY,Qwest Corp. 6.125% Notes due 2053,N/A,2020-02-27,Quarter,$0.3828,2020-03-02,Non-Qualified,$25.30,6.04%,Uncategorized,Other,2020-02-28,2019-10-25,No
RF-PR-A,Regions Financial Corporation Depositary Shares Representing 1/40th Perpetual Preferred Series A,N/A,2020-02-28,Quarter,$0.3984,2020-03-16,Qualified,$26.44,6.03%,Uncategorized,Other,2020-03-02,2020-02-06,No
BPYPO,Brookfield Property Partners L.P. - 6.375% PRF PERPETUAL USD 25 - Cls A Ser 2,N/A,2020-02-28,Quarter,$0.3984,2020-03-31,Non-Qualified,$26.04,6.03%,Uncategorized,Other,2020-03-02,2020-02-04,No
BURCA,Burnham Holdings Inc - Ordinary Shares - Class A,N/A,2020-03-05,Quarter,$0.2200,2020-03-13,Non-Qualified,$14.65,6.01%,Uncategorized,Other,2020-03-06,2020-02-20,No
DNP,DNP Select Income Fund Inc,1.6,2020-02-27,Monthly,$0.0650,2020-03-10,Unknown,$12.92,5.98%,Financial,Closed End Fund Equity,2020-02-28,2019-12-19,No
PBY,Pep Boys,1.4,2020-02-27,Quarter,$0.3906,2020-03-15,Non-Qualified,$26.03,5.96%,Services,Auto Parts Stores,2020-02-28,2020-01-21,No
KKR-PR-B,KKR & Co. L.P. 6.50% Series B Preferred Unit,N/A,2020-02-27,Quarter,$0.4063,2020-03-16,Qualified,$27.10,5.95%,Uncategorized,Other,2020-03-01,2020-01-31,No
OAK-PR-A,Oaktree Capital Group LLC - 6.625% PRF PERPETUAL USD 25 - Ser A,N/A,2020-02-27,Quarter,$0.4141,2020-03-16,Unknown,$27.52,5.94%,Uncategorized,Other,2020-03-01,2020-01-30,No
APO-PR-A,Apollo Global Management LLC 6.375 % Non-cumulative Redeemable Preferred Shares Series A,N/A,2020-02-27,Quarter,$0.3984,2020-03-16,Qualified,$26.89,5.93%,Uncategorized,Other,2020-02-28,2020-01-30,No
OAK-PR-B,Oaktree Capital Group LLC - 6.55% PRF PERPETUAL USD 25 - Ser B,N/A,2020-02-27,Quarter,$0.4094,2020-03-16,Unknown,$27.51,5.91%,Uncategorized,Other,2020-03-01,2020-01-30,No
ASB-PR-C,Associated Banc-Corp PRFD 'C',N/A,2020-02-28,Quarter,$0.3828,2020-03-16,Qualified,$25.95,5.90%,Uncategorized,Other,2020-03-02,2020-02-04,No
SF-PR-A,Stifel Financial Corp 6.25% Non-cumulative Preferred Shares Series A,N/A,2020-02-28,Quarter,$0.3906,2020-03-16,Qualified,$26.61,5.85%,Uncategorized,Other,2020-03-02,2020-01-30,No
WFC-PR-T,Wells Fargo & Company Perpetual Series T Preferred Stock Class A,N/A,2020-02-27,Quarter,$0.3750,2020-03-16,Qualified,$25.59,5.85%,Uncategorized,Other,2020-02-28,2020-02-14,No
PUK-PR-A,Prudential plc - 6.50% SP PERPETUAL USD 25,N/A,2020-03-05,Quarter,$0.4063,2020-03-23,Non-Qualified,$27.66,5.83%,Uncategorized,Other,2020-03-08,2019-11-21,No
TDA,"Telephone and Data Systems, Inc. 7.60% Nt Ser A due 12/01/2041",N/A,2020-02-27,Quarter,$0.3672,2020-03-02,Non-Qualified,$25.11,5.83%,Uncategorized,Other,2020-02-28,2019-10-28,No
RNR-PR-C,RenaissanceRe Holdings Ltd. 6.08% Series C Preference Shares,N/A,2020-02-27,Quarter,$0.3800,2020-03-02,Unknown,$26.09,5.82%,Uncategorized,Other,2020-02-28,N/A,No
APO-PR-B,Apollo Global Management LLC - 6.375% PRF PERPETUAL USD 25 - Ser B,N/A,2020-02-27,Quarter,$0.3984,2020-03-16,Qualified,$27.45,5.81%,Uncategorized,Other,2020-02-28,2020-01-30,No
DOW,Dow Chemical,2.2,2020-02-27,Quarter,$0.7000,2020-03-13,Unknown,$46.35,5.80%,Basic Materials,Chemicals Major Diversified,2020-02-28,2020-02-13,No
HSBC-PR-A,"HSBC Holdings, plc. ADR SER A REP 1/40 PFD SER A",N/A,2020-02-27,Quarter,$0.3875,2020-03-16,Unknown,N/A,5.76%,Uncategorized,Other,2020-02-28,N/A,No
SLMBP,"SLM Corporation - Floating Rate Non-Cumulative Preferred Stock, Series B",N/A,2020-03-05,Quarter,$0.9099,2020-03-16,Qualified,$62.62,5.75%,Uncategorized,Other,2020-03-06,2020-01-30,No
WFC-PR-V,Wells Fargo & Co. PRFD 'V',N/A,2020-02-27,Quarter,$0.3750,2020-03-16,Qualified,$26.05,5.75%,Uncategorized,Other,2020-02-28,2020-02-14,No
CUBI-PR-F,Customers Bancorp Inc Non-cumulative Preferred Shares Series F,N/A,2020-02-27,Quarter,$0.3750,2020-03-16,Qualified,N/A,5.74%,Uncategorized,Other,2020-02-28,2020-02-13,No
ESBK,Elmira Savings Bank (NY) Com.,1.4,2020-03-04,Quarter,$0.2300,2020-03-13,Qualified,$15.72,5.74%,Financial,Regional Northeast Banks,2020-03-05,2020-02-19,No
CSWCL,Capital Southwest Corporation 5.95% Notes due 2022,N/A,2020-02-27,Quarter,$0.3719,2020-03-16,Non-Qualified,$25.91,5.73%,Uncategorized,Other,2020-03-01,2020-02-13,No
RMCF,Rocky Mountain Chocolate Factory,1.2,2020-02-27,Quarter,$0.1200,2020-03-13,Unknown,$8.63,5.69%,Consumer Goods,Confectioners,2020-02-28,2020-02-18,No
WFC-PR-R,Wells Fargo & Company Dep Shs Repstg 1/1000th Int Perp Pfd Cl A (Ser R Fixed To Flltg),N/A,2020-02-27,Quarter,$0.4141,2020-03-16,Qualified,$29.23,5.62%,Uncategorized,Other,2020-02-28,2020-02-14,No
ESCA,"Escalade, Inc.",1.0,2020-03-06,Quarter,$0.1250,2020-03-16,Qualified,$9.01,5.59%,Consumer Goods,Sporting Goods,2020-03-09,2020-02-21,No
RF-PR-B,Regions Financial Corp PRFD 'B',N/A,2020-02-28,Quarter,$0.3984,2020-03-16,Qualified,$28.44,5.57%,Uncategorized,Other,2020-03-02,2020-02-06,No
SF-PR-B,Stifel Financial Corp. - 6.25% PRF PERPETUAL USD 25 - Ser B 1/1000 th int,N/A,2020-02-28,Quarter,$0.3906,2020-03-16,Qualified,$27.42,5.57%,Uncategorized,Other,2020-03-02,2020-01-30,No
GLPI,Gaming and Leisure Properties Inc,1.6,2020-03-05,Quarter,$0.7000,2020-03-20,Non-Qualified,$49.85,5.57%,Financial,Reit Diversified,2020-03-06,2020-02-21,No
AL-PR-A,Air Lease Corp - FXDFR PRF PERPETUAL USD 25 - Ser A,N/A,2020-02-27,Quarter,$0.3844,2020-03-15,Qualified,$27.37,5.56%,Uncategorized,Other,2020-02-29,2020-02-13,No
PJH,"Prudential Financial, Inc.",N/A,2020-02-27,Quarter,$0.3594,2020-03-16,Non-Qualified,$26.03,5.52%,Uncategorized,Other,2020-03-01,2020-01-21,No
RZA,Reinsurance Group of America Inc.,N/A,2020-02-27,Quarter,$0.3875,2020-03-16,Non-Qualified,$27.96,5.50%,Uncategorized,Other,2020-03-01,2020-01-21,No
PRH,VitaCube Systems Holdings Inc.,N/A,2020-02-27,Quarter,$0.3563,2020-03-16,Non-Qualified,$25.98,5.48%,Uncategorized,Other,2020-03-01,2020-01-22,No
WFC-PR-W,Wells Fargo & Co. - 5.70% PRF PERPETUAL USD 25,N/A,2020-02-27,Quarter,$0.3563,2020-03-16,Qualified,$26.08,5.44%,Uncategorized,Other,2020-02-28,2020-02-14,No
HSBC,HSBC Holdings plc,3.4,2020-02-27,Quarter,$1.0450,2020-04-14,Unknown,$35.45,5.43%,Financial,Foreign Money Center Banks,2020-02-28,N/A,Yes
SKLUY,Skellerup Holdings Ltd. - ADR,N/A,2020-03-04,Semi Annually,$0.0528,2020-04-03,Unknown,$29.70,5.43%,Uncategorized,Other,2020-03-05,N/A,No
NYCB-PR-A,"New York Community Bancorp, Inc. Non-cumulative Perrpetual Preferred Shares Series A",N/A,2020-03-05,Quarter,$0.3984,2020-03-17,Qualified,N/A,5.42%,Uncategorized,Other,2020-03-07,2020-02-21,No
ASB-PR-E,Associated Banc-Corp. - 5.875% PRF PERPETUAL USD 25 - Ser E,N/A,2020-02-28,Quarter,$0.3672,2020-03-16,Qualified,$27.20,5.39%,Uncategorized,Other,2020-03-02,2020-02-04,No
VIRT,Virtu Financial Inc,2.8,2020-02-28,Quarter,$0.2400,2020-03-16,Qualified,$18.97,5.39%,Financial,Diversified Investments,2020-03-02,2020-02-11,No
WFC-PR-Q,Wells Fargo & Co. - FXDFR PRF PERPETUAL USD 25 - Ser Q,N/A,2020-02-27,Quarter,$0.3656,2020-03-16,Qualified,$27.18,5.34%,Uncategorized,Other,2020-02-28,2020-02-14,No
CFR-PR-A,"Cullen/Frost Bankers, Inc. PRFD 'A'",N/A,2020-02-27,Quarter,$0.3359,2020-03-16,Qualified,$25.30,5.31%,Uncategorized,Other,2020-02-28,2020-01-29,No
STT-PR-D,State Street Corp. - FXDFR PRF PERPETUAL USD 25 - Ser D,N/A,2020-02-28,Quarter,$0.3687,2020-03-16,Qualified,$27.68,5.28%,Uncategorized,Other,2020-03-02,2020-02-12,No
WFC-PR-Y,"Wells Fargo & Company Non-Cumulative Perpetual Class A Preferred Stock, Series Y",N/A,2020-02-27,Quarter,$0.3516,2020-03-16,Qualified,$26.62,5.27%,Uncategorized,Other,2020-02-28,2020-02-14,No
AIG-PR-A,American International Group Inc - 5.85% PRF PERPETUAL USD 25 - Ser A 1/1000th Int,N/A,2020-02-27,Quarter,$0.3656,2020-03-16,Qualified,$27.72,5.26%,Uncategorized,Other,2020-02-28,2020-02-13,No
RNR-PR-E,RenaissanceRe Holdings Ltd. 5.375% Series E Preference Shares,N/A,2020-02-27,Quarter,$0.3359,2020-03-02,Unknown,$25.44,5.25%,Uncategorized,Other,2020-02-28,N/A,No
SWM,Schweitzer Maudit,1.0,2020-03-03,Quarter,$0.4400,2020-03-20,Qualified,$33.85,5.25%,Consumer Goods,Paper And Paper Products,2020-03-04,2020-02-20,No
WFC-PR-X,"Wells Fargo & Company Non-Cumulative Perpetual Class A Preferred Stock, Series X",N/A,2020-02-27,Quarter,$0.3438,2020-03-16,Qualified,$26.17,5.24%,Uncategorized,Other,2020-02-28,2020-02-14,No
RNR-PR-F,RenaissanceRe Holdings Ltd - 5.75% PRF PERPETUAL USD 25 - Ser F Dep Rep 1/1000,N/A,2020-02-27,Quarter,$0.3594,2020-03-02,Unknown,$27.49,5.23%,Uncategorized,Other,2020-02-28,2020-02-07,No
FBAK,First National Bank Alaska,N/A,2020-02-27,Quarter,$3.2000,2020-03-15,Qualified,$243.00,5.22%,Uncategorized,Other,2020-03-01,2020-01-30,No
ICL,Israel Chemicals Ltd.,3.2,2020-03-03,Quarter,$0.0180,2020-03-18,Unknown,$3.75,5.22%,Basic Materials,Agricultural Chemicals,2020-03-04,N/A,Yes
KEY-PR-J,Keycorp - 5.65% PRF PERPETUAL USD 25 - Ser F 1/40th,N/A,2020-02-28,Quarter,$0.3531,2020-03-16,Qualified,$27.12,5.19%,Uncategorized,Other,2020-03-02,2020-01-16,No
MRTI,Maxus Realty Trust Inc,N/A,2020-02-27,Monthly,$0.6000,2020-03-13,Non-Qualified,$138.75,5.19%,Uncategorized,Other,2020-02-28,2020-02-06,No
NTB,The Bank of N.T. Butterfield & Son Limited,2.4,2020-02-25,Quarter,$0.4400,2020-03-11,Unknown,$32.00,5.17%,Financial,Foreign Money Center Banks,2020-02-26,2020-02-12,No
CC,The Chemours Company,1.2,2020-02-26,Quarter,$0.2500,2020-03-16,Unknown,$18.40,5.14%,Basic Materials,Specialty Chemicals,2020-02-27,2020-02-12,No
GAM-PR-B,"General American Investors Co., Inc. 5.95% Cumulative Pfd Ser B",N/A,2020-03-06,Quarter,$0.3719,2020-03-24,Qualified,$28.71,5.14%,Uncategorized,Other,2020-03-09,2020-01-29,No
WFC-PR-P,Wells Fargo & Company Dep Shs Repstg 1/1000th Int Non Cum Perp Cl A Pfd (Ser P),N/A,2020-02-27,Quarter,$0.3281,2020-03-16,Qualified,$25.49,5.13%,Uncategorized,Other,2020-02-28,2020-02-14,No
ASB-PR-D,Associated Banc-Corp. - 5.375% PRF PERPETUAL USD 25 - Dep rep 1/40th Ser D,N/A,2020-02-28,Quarter,$0.3359,2020-03-16,Qualified,$25.99,5.13%,Uncategorized,Other,2020-03-02,2020-02-04,No
KEY-PR-K,Keycorp - 5.625% PRF PERPETUAL USD 25 - 1/40th Ser G,N/A,2020-02-28,Quarter,$0.3516,2020-03-16,Qualified,$27.36,5.12%,Uncategorized,Other,2020-03-02,2020-01-16,No
BK-PR-C,Bank Of New York Mellon Corp - 5.20% PRF PERPETUAL USD 25 - Ser C,N/A,2020-03-04,Quarter,$0.3250,2020-03-20,Qualified,$25.44,5.10%,Uncategorized,Other,2020-03-05,2020-01-16,No
WFC-PR-N,Wells Fargo & Company Dep Shs Repstg 1/1000th Perp Pfd Cl A Ser N,N/A,2020-02-27,Quarter,$0.3250,2020-03-16,Qualified,$25.49,5.09%,Uncategorized,Other,2020-02-28,2020-02-14,No
KEY-PR-I,KeyCorp Deposit Shs Repr 1/40th Non-Cumulative Preferred Shares Series E,N/A,2020-02-28,Quarter,$0.3828,2020-03-16,Qualified,$29.99,5.09%,Uncategorized,Other,2020-03-02,2020-01-16,No
LYB,LyondellBasell Industries,2.0,2020-02-28,Quarter,$1.0500,2020-03-09,Unknown,$79.64,5.07%,Basic Materials,Specialty Chemicals,2020-03-02,2020-02-21,No
CNAF,Commercial National Financial Corp. (PA) Com.,1.4,2020-02-27,Quarter,$0.2600,2020-03-06,Qualified,$20.60,5.05%,Financial,Regional Midwest Banks,2020-02-28,2020-02-18,No
MET-PR-E,Metlife Inc - 5.625% PRF PERPETUAL USD 25 - Ser E,N/A,2020-02-27,Quarter,$0.3516,2020-03-16,Qualified,$27.75,5.04%,Uncategorized,Other,2020-02-29,2020-02-18,No
FMY,First Trust/FIDAC Mortgage Income Fund,N/A,2020-03-02,Monthly,$0.0600,2020-03-16,Unknown,$14.15,5.04%,Uncategorized,Other,2020-03-03,2020-02-20,No
NUS,Nu Skin Enterprises,2.4,2020-02-27,Quarter,$0.3750,2020-03-11,Qualified,$28.55,5.04%,Services,Drugs Wholesale,2020-02-28,2020-02-12,No
SBNCM,Southern Bancshares Inc. - PRF PERPETUAL USD - Class B 0%,N/A,2020-02-27,Quarter,$0.2200,2020-03-13,Qualified,$17.50,5.03%,Uncategorized,Other,2020-02-28,2020-01-21,No
WFC-PR-O,Wells Fargo & Company Depositary Shares Representing 1/1000th Perpetual Preferred Class A,N/A,2020-02-27,Quarter,$0.3203,2020-03-16,Qualified,$25.43,5.02%,Uncategorized,Other,2020-02-28,2020-02-14,No
IPLDP,Interstate Power & Light Co 5.1 % Cumulative Perpetual Preferred Shares Series D,N/A,2020-02-27,Quarter,$0.3188,2020-03-16,Qualified,$25.59,4.98%,Uncategorized,Other,2020-02-28,2020-02-13,No
CNK,Cinemark Holdings,3.0,2020-03-05,Quarter,$0.3600,2020-03-20,Qualified,$28.99,4.94%,Services,Movie Production Theaters,2020-03-06,2020-02-21,No
BAC-PR-M,Bank Of America Corp. - 5.375% PRF PERPETUAL USD 25 - Dp Sh1/1000th int KK,N/A,2020-02-27,Quarter,$0.3359,2020-03-25,Qualified,$27.13,4.94%,Uncategorized,Other,2020-03-01,2020-01-17,No
SOJC,"Southern Co., 5.25% Series 2017B Junior Subordinated Notes due 2077",N/A,2020-02-27,Quarter,$0.3281,2020-03-01,Non-Qualified,$26.65,4.90%,Uncategorized,Other,2020-02-28,2020-01-21,No
NNN-PR-F,National Retail Properties Inc 5.20 % Cumulative Redeemable Preferred Shares Series F0,N/A,2020-02-27,Quarter,$0.3250,2020-03-16,Non-Qualified,$26.48,4.90%,Uncategorized,Other,2020-02-28,2020-02-14,No
ENJ,"Entergy New Orleans, Inc. First",N/A,2020-02-27,Quarter,$0.3125,2020-03-02,Non-Qualified,$25.73,4.87%,Uncategorized,Other,2020-02-28,2019-10-28,No
CTT,"CatchMark Timber Trust, Inc",1.2,2020-02-27,Quarter,$0.1350,2020-03-16,Non-Qualified,$10.88,4.86%,Industrial Goods,Lumber Wood Production,2020-02-28,2020-02-13,No
WFC-PR-L,Wells Fargo & Co. 7.5% Perp Pfd Conv Cl A Ser L,N/A,2020-02-27,Quarter,$18.7500,2020-03-16,Qualified,"$1,559.50",4.84%,Uncategorized,Other,2020-02-28,2020-02-14,No
PBCTP,People`s United Financial Inc - FXDFR PRF PERPETUAL USD 25 - Ser A,N/A,2020-02-27,Quarter,$0.3516,2020-03-15,Qualified,$28.95,4.83%,Uncategorized,Other,2020-03-01,2020-01-16,No
WBS-PR-F,Webster Financial Corp. - 5.25% PRF PERPETUAL USD 25 - Ser F 1/1000 Int,N/A,2020-02-27,Quarter,$0.3281,2020-03-15,Qualified,$27.16,4.81%,Uncategorized,Other,2020-03-01,2020-01-28,No
RZB,RZB,N/A,2020-02-27,Quarter,$0.3594,2020-03-16,Non-Qualified,$29.60,4.81%,Uncategorized,Other,2020-03-01,2019-10-28,No
AIZP,Assurant Inc - 6.50% PRF CONVERT 15/03/2021 USD 100 - Ser D,N/A,2020-02-27,Quarter,$1.6250,2020-03-16,Non-Qualified,$135.35,4.74%,Uncategorized,Other,2020-03-01,2020-01-14,No
EAB,"Entergy Arkansas, 4.90% Series First Mortgage Bonds",N/A,2020-02-27,Quarter,$0.3063,2020-03-02,Non-Qualified,$25.67,4.72%,Uncategorized,Other,2020-02-28,2019-10-28,No
BAC-PR-N,Bank Of America Corp. - 5% PRF PERPETUAL USD 25 - Ser LL DpSh1/1000th,N/A,2020-02-27,Quarter,$0.3125,2020-03-17,Qualified,$26.39,4.70%,Uncategorized,Other,2020-03-01,2020-01-17,No
TPR,Tapestry Inc.,2.8,2020-03-05,Quarter,$0.3375,2020-03-30,Qualified,$25.77,4.69%,Consumer Goods,Textile Apparel Clothing,2020-03-06,2020-02-20,No
EAE,"Entergy Arkansas, Inc. First Mortgage Bonds 4.75% Series Due June 1, 2063",N/A,2020-02-27,Quarter,$0.2969,2020-03-02,Non-Qualified,$25.40,4.67%,Uncategorized,Other,2020-02-28,2019-10-28,No
VOYA-PR-B,Voya Financial Inc - FXDFR PRF PERPETUAL USD 25 - Ser B 1/40th Int,N/A,2020-02-27,Quarter,$0.3344,2020-03-16,Qualified,$28.67,4.66%,Uncategorized,Other,2020-02-28,2020-01-30,No
STT-PR-G,State Street Corp. - FXDFR PRF PERPETUAL USD 25 - Ser G,N/A,2020-02-28,Quarter,$0.3343,2020-03-16,Qualified,$28.54,4.63%,Uncategorized,Other,2020-03-02,2020-02-12,No
ELU,"Entergy Louisiana, Inc.",N/A,2020-02-27,Quarter,$0.2938,2020-03-02,Non-Qualified,$25.42,4.63%,Uncategorized,Other,2020-02-28,2019-10-28,No
NWL,Newell Brands Inc,2.4,2020-02-27,Quarter,$0.2300,2020-03-13,Qualified,$18.38,4.63%,Consumer Goods,Housewares And Accessories,2020-02-28,2020-02-05,No
NBH,Neuberger Berman Intermediate Municipal Fund Inc,1.6,2020-02-27,Monthly,$0.0624,2020-03-16,Unknown,$16.52,4.62%,Financial,Closed End Fund Debt,2020-02-28,2020-02-18,No
FT,Franklin Universal Trust Shs. Ben. Int.,1.6,2020-02-27,Monthly,$0.0320,2020-03-13,Unknown,$8.21,4.62%,Financial,Closed End Fund Debt,2020-02-28,2020-02-18,No
VEON,VEON Ltd - ADR,N/A,2020-02-26,Semi Annually,$0.1150,2020-03-05,Unknown,$2.31,4.61%,Uncategorized,Other,2020-02-27,N/A,No
CMP,Compass Minerals International,3.4,2020-02-28,Quarter,$0.7200,2020-03-16,Qualified,$61.29,4.58%,Basic Materials,Synthetics,2020-03-02,2020-02-19,No
AMCR,Amcor PLC Ordinary Shares,N/A,2020-03-03,Quarter,$0.1150,2020-03-24,Unknown,$10.04,4.49%,Uncategorized,Other,2020-03-04,2020-02-11,No
SCE-PR-D,Southern California Edison Co. 4.32% pfd,N/A,2020-03-04,Quarter,$0.2700,2020-03-31,Qualified,$24.67,4.45%,Uncategorized,Other,2020-03-05,2019-12-12,No
STAG,"STAG Industrial, Inc.",2.2,2020-02-27,Monthly,$0.1200,2020-03-16,Non-Qualified,$32.42,4.43%,Financial,Reit Industrial,2020-02-28,2020-01-09,No
NAVI,Navient Corp,2.6,2020-03-05,Quarter,$0.1600,2020-03-20,Qualified,$13.40,4.43%,Financial,Credit Services,2020-03-06,2020-02-18,No
GOGL,Golden Ocean Group Limited,1.4,2020-03-05,Quarter,$0.0500,2020-03-19,Unknown,$4.14,4.42%,Services,Shipping,2020-03-06,2020-02-18,No
WY,Weyerhaeuser,2.8,2020-03-05,Quarter,$0.3400,2020-03-20,Non-Qualified,$30.73,4.41%,Industrial Goods,Lumber Wood Production,2020-03-06,2020-02-14,No
GM,General Motors Company,1.4,2020-03-05,Quarter,$0.3800,2020-03-20,Qualified,$33.05,4.39%,Consumer Goods,Auto Manufacturers Major,2020-03-06,2020-02-03,No
PDER,Pardee Res Co,N/A,2020-02-27,Quarter,$1.8000,2020-03-06,Non-Qualified,$162.80,4.36%,Uncategorized,Other,2020-02-28,2020-02-13,No
HOG,Harley-Davidson,2.4,2020-03-04,Quarter,$0.3800,2020-03-20,Qualified,$34.03,4.32%,Consumer Goods,Recreational Vehicles,2020-03-05,2020-02-19,No
LCNB,LCNB Corp.,2.4,2020-02-28,Quarter,$0.1800,2020-03-16,Qualified,$16.53,4.23%,Financial,Regional Mid Atlantic Banks,2020-03-02,2020-02-18,No
CSPI,CSP Inc.,0.8,2020-02-27,Quarter,$0.1500,2020-03-13,Qualified,$13.50,4.21%,Technology,Business Software And Services,2020-02-28,2020-02-12,No
D,Dominion Resources,3.6,2020-02-27,Quarter,$0.9400,2020-03-20,Qualified,$89.27,4.21%,Utilities,Electric Utilities,2020-02-28,2020-01-24,No
IPG,Interpublic Group,3.6,2020-02-28,Quarter,$0.2550,2020-03-16,Qualified,$23.87,4.18%,Services,Advertising Agencies,2020-03-02,2020-02-12,No
DEA,"Easterly Government Properties, Inc.",1.6,2020-03-04,Quarter,$0.2600,2020-03-26,Qualified,$24.96,4.12%,Financial,Real Estate Development,2020-03-05,2020-02-19,No
TAP,Molson Coors,2.4,2020-03-06,Quarter,$0.5700,2020-03-20,Qualified,$53.94,4.11%,Consumer Goods,Beverages Brewers,2020-03-09,2020-02-20,No
CMS-PR-B,Consumers Energy Co. $4.50 pfd,N/A,2020-02-28,Quarter,$1.1250,2020-04-01,Qualified,$108.98,4.11%,Uncategorized,Other,2020-03-02,2020-02-07,No
NL,NL Industries,1.8,2020-03-02,Quarter,$0.0400,2020-03-17,Qualified,$3.74,4.10%,Basic Materials,Synthetics,2020-03-03,2020-02-19,No
HEES,H&E Equipment Services Inc.,2.2,2020-02-27,Quarter,$0.2750,2020-03-13,Unknown,$25.25,4.10%,Services,Rental And Leasing Services,2020-02-28,2020-02-14,No
FNB,F.N.B Corporation,2.6,2020-03-04,Quarter,$0.1200,2020-03-15,Qualified,$11.37,4.06%,Financial,Regional Southeast Banks,2020-03-05,2020-02-21,No
AEB,AEGON N.V. 5.29964% Perp Cap Secs Fltg Rate,N/A,2020-02-27,Quarter,$0.2528,2020-03-16,Non-Qualified,$24.99,4.05%,Uncategorized,Other,2020-03-01,2019-12-13,No
XPER,Xperi Corporation,1.6,2020-03-03,Quarter,$0.2000,2020-03-25,Qualified,$19.42,4.04%,Technology,Semiconductor Equipment And Materials,2020-03-04,2020-01-30,No
PFG,Principal Financial Group,2.6,2020-02-28,Quarter,$0.5600,2020-03-27,Qualified,$51.65,4.00%,Financial,Asset Management,2020-03-02,2020-01-28,No
AYR,Aircastle Ltd.,2.2,2020-02-27,Quarter,$0.3200,2020-03-06,Qualified,$32.19,3.97%,Services,Rental And Leasing Services,2020-02-28,2020-02-10,No
CTGSP,Connecticut Natural Gas Corp - 8% PRF PERPETUAL USD 3.125,N/A,2020-02-28,Quarter,$0.0625,2020-03-30,Qualified,$6.30,3.97%,Uncategorized,Other,2020-03-02,2020-01-30,No
ARCH,Arch Coal Inc Class A,1.8,2020-03-02,Quarter,$0.5000,2020-03-13,Qualified,$49.83,3.89%,Basic Materials,Industrial Metals And Minerals,2020-03-03,2020-02-06,No
SAFT,Safety Insurance Group,1.6,2020-02-28,Quarter,$0.9000,2020-03-16,Qualified,$92.06,3.88%,Financial,Property And Casualty Insurance,2020-03-02,2020-02-14,No
BIP,Brookfield Infrastructure Partners L.P.,3.0,2020-02-27,Quarter,$0.5375,2020-03-31,Unknown,$54.48,3.88%,Utilities,Electric Utilities,2020-02-28,2020-02-07,No
BEP,Brookfield Renewable Energy Partners LP Partnership Units (Bermuda),1.8,2020-02-27,Quarter,$0.5425,2020-03-30,Unknown,$55.12,3.85%,Utilities,Diversified Utilities,2020-02-28,2020-01-13,No
PCH,Potlatch,3.0,2020-03-05,Quarter,$0.4000,2020-03-31,Non-Qualified,$42.07,3.82%,Consumer Goods,Paper And Paper Products,2020-03-06,2020-02-14,No
WSTG,Wayside Technology Group,1.4,2020-02-28,Quarter,$0.1700,2020-03-06,Qualified,$17.04,3.78%,Services,Computers Wholesale,2020-03-02,2020-02-18,No
CXP,"Columbia Property Trust, Inc.",1.6,2020-02-28,Quarter,$0.2100,2020-03-17,Qualified,$21.87,3.77%,Financial,Reit Office,2020-03-02,2020-02-10,No
KEY,KeyCorp,2.6,2020-03-02,Quarter,$0.1850,2020-03-13,Qualified,$18.93,3.76%,Financial,Money Center Banks,2020-03-03,2020-01-16,No
CWEN-A,Clearway Energy Inc - Ordinary Shares - Class A,N/A,2020-02-28,Quarter,$0.2100,2020-03-16,Qualified,$22.35,3.76%,Uncategorized,Other,2020-03-02,2020-02-19,No
EAT,Brinker International,2.4,2020-03-05,Quarter,$0.3800,2020-03-26,Qualified,$38.94,3.76%,Services,Restaurants,2020-03-06,2020-01-27,No
FFBC,First Financial Bancorp,2.8,2020-02-28,Quarter,$0.2300,2020-03-16,Qualified,$23.60,3.75%,Financial,Regional Midwest Banks,2020-03-02,2020-01-28,No
RF,Regions Financial Corp.,2.6,2020-03-05,Quarter,$0.1550,2020-04-01,Qualified,$15.79,3.75%,Financial,Regional Southeast Banks,2020-03-06,2020-02-06,No
ODP,Office Depot Inc,1.0,2020-02-28,Quarter,$0.0250,2020-03-13,Qualified,$2.39,3.73%,Services,Specialty Retail Other,2020-03-02,2020-02-04,No
CWEN,"Clearway Energy, Inc.",1.6,2020-02-28,Quarter,$0.2100,2020-03-16,Qualified,$22.21,3.67%,Utilities,Electric Utilities,2020-03-02,2020-02-19,No
NBW,Neuberger Berman California Intermediate Municipal Fund Inc,2.0,2020-02-27,Monthly,$0.0448,2020-03-16,Unknown,$14.59,3.67%,Financial,Closed End Fund Debt,2020-02-28,2020-02-18,No
EMCF,Emclaire Financial Corp.,1.8,2020-02-28,Quarter,$0.3000,2020-03-20,Non-Qualified,$32.84,3.65%,Financial,Regional Northeast Banks,2020-03-02,2020-02-19,No
NBO,Neuberger Berman New York Intermediate Municipal Fund Inc,2.0,2020-02-27,Monthly,$0.0393,2020-03-16,Unknown,$12.97,3.62%,Financial,Closed End Fund Debt,2020-02-28,2020-02-18,No
ASB,Associated Bancorp,3.8,2020-02-28,Quarter,$0.1800,2020-03-16,Qualified,$19.10,3.61%,Financial,Regional Midwest Banks,2020-03-02,2020-02-04,No
CVR,Chicago Rivet & Machine Co.,1.4,2020-03-04,Quarter,$0.2200,2020-03-20,Qualified,$24.60,3.57%,Industrial Goods,Machine Tools And Accessories,2020-03-05,2020-02-17,No
TAP-A,Molson Coors Brewing Co. Cl A,N/A,2020-03-06,Quarter,$0.5700,2020-03-20,Qualified,$64.00,3.56%,Uncategorized,Other,2020-03-09,2020-02-20,No
FBPA,Farmers Bank Appomattox Va,N/A,2020-02-26,Semi Annually,$0.5000,2020-03-06,Non-Qualified,$28.20,3.55%,Uncategorized,Other,2020-02-27,2020-02-11,No
K,Kellogg Co.,3.6,2020-03-02,Quarter,$0.5700,2020-03-16,Qualified,$64.49,3.48%,Consumer Goods,Processed And Packaged Goods,2020-03-03,2020-02-21,No
TRST,TrustCo Bank,2.0,2020-03-05,Quarter,$0.0681,2020-04-01,Qualified,$7.67,3.48%,Financial,Regional Northeast Banks,2020-03-06,2020-02-18,No
KINS,"Kingstone Companies, Inc.",2.4,2020-02-27,Quarter,$0.0625,2020-03-13,Qualified,$7.03,3.47%,Financial,Property And Casualty Insurance,2020-02-28,2020-02-06,No
FLO,Flowers Foods,3.4,2020-02-27,Quarter,$0.1900,2020-03-13,Qualified,$21.86,3.45%,Consumer Goods,Processed And Packaged Goods,2020-02-28,2020-02-14,No
EAF,GrafTech International Ltd.,1.6,2020-02-27,Quarter,$0.0850,2020-03-31,Unknown,$9.54,3.42%,Industrial Goods,Industrial Equipment And Components,2020-02-28,2020-02-05,No
PDM,Piedmont Office Realty Trust,3.2,2020-02-27,Quarter,$0.2100,2020-03-20,Non-Qualified,$24.16,3.42%,Financial,Reit Office,2020-02-28,2020-02-04,No
CATY,Cathay General Bancorp,4.0,2020-02-28,Quarter,$0.3100,2020-03-12,Qualified,$35.16,3.42%,Financial,Regional Pacific Banks,2020-03-02,2020-02-20,No
CAKE,Cheescake Factory,3.2,2020-03-06,Quarter,$0.3600,2020-03-20,Qualified,$41.40,3.42%,Services,Restaurants,2020-03-09,2020-02-18,No
NGVC,Natural Grocers by Vitamin Cottage Inc,N/A,2020-02-28,Quarter,$0.0700,2020-03-17,Qualified,$7.75,3.41%,Uncategorized,Other,2020-03-02,2020-02-06,No
BLMN,Bloomin' Brands Inc,3.6,2020-02-27,Quarter,$0.2000,2020-03-13,Qualified,$23.25,3.41%,Services,Restaurants,2020-02-28,2020-02-11,No
O,Realty Income Corp,3.8,2020-02-28,Monthly,$0.2325,2020-03-13,Non-Qualified,$83.32,3.41%,Financial,Reit Retail,2020-03-02,2020-02-13,No
MBWM,Mercantile Bank Corp,3.0,2020-03-05,Quarter,$0.2800,2020-03-18,Qualified,$31.95,3.40%,Financial,Regional Midwest Banks,2020-03-06,2020-01-16,No
HAL,Halliburton Company,3.2,2020-03-03,Quarter,$0.1800,2020-03-25,Qualified,$20.06,3.39%,Basic Materials,Oil And Gas Equipment And Services,2020-03-04,2020-02-13,No
POPE,Pope Resources L.P.,1.2,2020-03-03,Quarter,$1.0000,2020-03-18,Unknown,$114.46,3.37%,Industrial Goods,Lumber Wood Production,2020-03-04,2020-02-19,No
CRD-A,Crawford & Co. Cl A,2.6,2020-02-26,Quarter,$0.0700,2020-03-11,Qualified,$8.22,3.35%,Financial,Insurance Brokers,2020-02-27,2020-02-11,No
MYBF,Muncy Bank Financial Inc,N/A,2020-03-04,Quarter,$0.3500,2020-03-13,Qualified,$41.80,3.33%,Uncategorized,Other,2020-03-05,2020-02-19,No
PFOH,"Perpetual Federal Savings Bank (Urbana,OH)",N/A,2020-03-05,Quarter,$0.2500,2020-03-20,Qualified,$30.00,3.33%,Uncategorized,Other,2020-03-06,2020-02-14,No
NMRK,"Newmark Group, Inc. Class A",2.8,2020-03-04,Quarter,$0.1000,2020-03-23,Qualified,$11.18,3.32%,Financial,Property Management,2020-03-05,2020-02-12,No
JNPR,"Juniper Networks, Inc.",2.0,2020-02-28,Quarter,$0.2000,2020-03-23,Unknown,$23.51,3.31%,Technology,Networking And Communication Devices,2020-03-02,2020-01-27,No
KSU-PR,Kansas City Southern 4% Pfd,N/A,2020-03-06,Quarter,$0.2500,2020-04-07,Qualified,N/A,3.30%,Uncategorized,Other,2020-03-09,2020-01-30,No
CPF,Central Pacific Financial Corp,3.0,2020-02-27,Quarter,$0.2300,2020-03-16,Qualified,$27.12,3.30%,Financial,Regional Pacific Banks,2020-02-28,2020-01-29,No
SHTLF,South32 Limited,N/A,2020-03-05,Semi Annually,$0.0110,2020-04-02,Unknown,$1.60,3.29%,Uncategorized,Other,2020-03-06,N/A,No
GPC,Genuine Parts,3.4,2020-03-05,Quarter,$0.7900,2020-04-01,Qualified,$95.21,3.28%,Services,Auto Parts Wholesale,2020-03-06,2020-02-17,No
TVC,Tennessee Valley Authority 5.46% PARRS Ser D 06/01/2028,N/A,2020-02-27,Quarter,$0.2219,2020-03-01,Non-Qualified,$26.92,3.28%,Uncategorized,Other,2020-02-28,2020-01-21,No
CBT,Cabot Corp,3.6,2020-02-27,Quarter,$0.3500,2020-03-13,Qualified,$40.99,3.26%,Basic Materials,Specialty Chemicals,2020-02-28,2020-01-10,No
FBPI,"First Bancorp Of Indiana, Inc.",N/A,2020-02-28,Quarter,$0.1550,2020-03-13,Qualified,$19.16,3.24%,Uncategorized,Other,2020-03-02,2020-02-19,No
WHR,Whirlpool,2.6,2020-02-27,Quarter,$1.2000,2020-03-15,Qualified,$141.10,3.22%,Consumer Goods,Appliances,2020-02-28,2020-02-18,No
CYFL,Century Financial Corp.,N/A,2020-03-05,Quarter,$0.1900,2020-03-20,Unknown,$23.75,3.20%,Uncategorized,Other,2020-03-06,2020-02-17,No
CBFV,"CB Financial Services, Inc.",4.0,2020-03-05,Quarter,$0.2400,2020-03-16,Qualified,$30.21,3.16%,Financial,Regional Northeast Banks,2020-03-06,2020-02-19,No
GLW,Corning Inc.,3.0,2020-02-27,Quarter,$0.2200,2020-03-31,Qualified,$26.99,3.15%,Technology,Communication Equipment,2020-02-28,2020-02-05,No
AGR,"Avangrid, Inc.",2.6,2020-03-05,Quarter,$0.4400,2020-04-01,Unknown,$55.88,3.14%,Utilities,Diversified Utilities,2020-03-06,2020-02-19,No
SIX,Six Flags Entertainment,1.8,2020-03-03,Quarter,$0.2500,2020-03-11,Qualified,$31.33,3.14%,Services,Entertainment Diversified,2020-03-04,2020-02-20,No
MLCO,Melco Resorts & Entertainment Ltd,2.6,2020-02-28,Quarter,$0.1631,2020-03-12,Unknown,$19.89,3.12%,Services,Resorts And Casinos,2020-03-02,N/A,Yes
HAYN,Haynes International Inc.,1.2,2020-02-28,Quarter,$0.2200,2020-03-16,Qualified,$27.02,3.11%,Industrial Goods,Metal Fabrication,2020-03-02,2020-01-30,No
NESW,New England Service Co,N/A,2020-03-05,Quarter,$0.1850,2020-03-16,Qualified,$24.00,3.08%,Uncategorized,Other,2020-03-06,2020-02-20,No
MXIM,Maxim Integrated Products,3.2,2020-02-26,Quarter,$0.4800,2020-03-13,Qualified,$59.36,3.08%,Technology,Semiconductor Broad Line,2020-02-27,2020-01-28,No
ONB,Old National Bancorp,3.0,2020-02-28,Quarter,$0.1400,2020-03-16,Qualified,$17.75,3.08%,Financial,Regional Midwest Banks,2020-03-02,2020-01-21,No
CFR,CullenFrost Bankers Inc. ,2.8,2020-02-27,Quarter,$0.7100,2020-03-13,Qualified,$89.60,3.05%,Financial,Regional Southwest Banks,2020-02-28,2020-01-29,No
AMNB,American National Bankshares,3.8,2020-03-05,Quarter,$0.2700,2020-03-20,Non-Qualified,$34.33,3.04%,Financial,Regional Mid Atlantic Banks,2020-03-06,2020-02-18,No
KMB,Kimberly-Clark,3.6,2020-03-05,Quarter,$1.0700,2020-04-02,Qualified,$141.02,3.03%,Consumer Goods,Personal Products,2020-03-06,2020-01-23,No
PFIS,Peoples Financial Services Corp,2.0,2020-02-27,Quarter,$0.3600,2020-03-13,Non-Qualified,$47.15,3.02%,Financial,Regional Northeast Banks,2020-02-28,2020-02-07,No
SON,Sonoco Products,3.6,2020-02-25,Quarter,$0.4300,2020-03-10,Qualified,$55.16,3.02%,Consumer Goods,Paper And Paper Products,2020-02-26,2020-02-12,No
WYNN,Wynn Resorts,2.2,2020-02-25,Quarter,$1.0000,2020-03-06,Qualified,$127.95,3.00%,Services,Resorts And Casinos,2020-02-26,2020-02-06,No
BOH,Bank of Hawaii,4.0,2020-02-27,Quarter,$0.6700,2020-03-13,Qualified,$86.96,3.00%,Financial,Regional Pacific Banks,2020-02-28,2020-01-24,No
EXSR,Exchange Bank,N/A,2020-03-05,Quarter,$1.2000,2020-03-20,Qualified,$160.01,3.00%,Uncategorized,Other,2020-03-06,2020-02-19,No
MNMB,Merchants & Marine Bancorp Inc,N/A,2020-03-05,Quarter,$0.3000,2020-04-01,Qualified,$40.05,2.99%,Uncategorized,Other,2020-03-06,2020-02-11,No
CPA,Copa Holdings S.A,2.2,2020-02-27,Quarter,$0.8000,2020-03-13,Unknown,$100.01,2.98%,Services,Regional Airlines,2020-02-28,2020-02-12,No
AROW,Arrow Financial,3.0,2020-03-02,Quarter,$0.2600,2020-03-13,Qualified,$34.28,2.98%,Financial,Regional Northeast Banks,2020-03-03,2020-01-29,No
FIV,First Trust Senior Floating Rate 2022 Target Term Fund,N/A,2020-03-02,Monthly,$0.0228,2020-03-16,Unknown,$9.23,2.95%,Uncategorized,Other,2020-03-03,2020-02-20,No
UFCS,United Fire & Casualty,1.8,2020-03-05,Quarter,$0.3300,2020-03-20,Qualified,$44.47,2.94%,Financial,Property And Casualty Insurance,2020-03-06,2020-02-21,No
EVR,Evercore Partners,1.6,2020-02-27,Quarter,$0.5800,2020-03-13,Qualified,$76.60,2.93%,Financial,Asset Management,2020-02-28,2020-01-28,No
AE,Adams Resources & Energy,1.8,2020-03-05,Quarter,$0.2400,2020-03-20,Qualified,$31.60,2.93%,Services,Basic Materials Wholesale,2020-03-06,2020-02-20,No
ANAT,American National Insurance,1.6,2020-03-05,Quarter,$0.8200,2020-03-20,Qualified,$110.10,2.92%,Financial,Life Insurance,2020-03-06,2020-02-20,No
FNCB,"FNCB Bancorp, Inc.",1.6,2020-02-28,Quarter,$0.0550,2020-03-16,Qualified,$7.55,2.90%,Financial,Regional Northeast Banks,2020-03-02,2020-01-22,No
NUVR,Nuvera Communications Inc,N/A,2020-03-05,Quarter,$0.1300,2020-03-16,Qualified,$17.60,2.87%,Uncategorized,Other,2020-03-06,2020-02-14,No
QEP,QEP Resources,1.6,2020-03-05,Quarter,$0.0200,2020-03-20,Qualified,$2.46,2.87%,Basic Materials,Oil And Gas Drilling And Exploration,2020-03-06,2020-02-19,No
TRMK,Trustmark Corp,3.0,2020-02-27,Quarter,$0.2300,2020-03-15,Qualified,$31.17,2.86%,Financial,Regional Southeast Banks,2020-03-01,2020-01-28,No
SEBC,Southeastern Banking Corp.,N/A,2020-03-04,Quarter,$0.1500,2020-03-12,Qualified,$21.00,2.84%,Uncategorized,Other,2020-03-05,2020-02-20,No
RCL,Royal Caribbean Cruises Ltd.,3.6,2020-03-05,Quarter,$0.7800,2020-04-06,Unknown,$99.49,2.84%,Services,Resorts And Casinos,2020-03-06,2020-02-20,No
MINI,Mobile Mini Inc,3.4,2020-02-25,Quarter,$0.3030,2020-03-11,Qualified,$40.44,2.82%,Consumer Goods,Packaging And Containers,2020-02-26,2020-01-28,No
ACNB,ACNB Corp. Com.,1.8,2020-02-27,Quarter,$0.2500,2020-03-13,Qualified,$34.40,2.80%,Financial,Regional Southwest Banks,2020-02-28,2020-01-23,No
MGA,Magna International,2.6,2020-03-05,Quarter,$0.4000,2020-03-20,Unknown,$49.86,2.78%,Consumer Goods,Auto Parts,2020-03-06,2020-02-21,No
QCOM,"Qualcomm, Inc.",2.6,2020-03-04,Quarter,$0.6200,2020-03-26,Qualified,$83.63,2.77%,Technology,Communication Equipment,2020-03-05,2020-01-17,No
CHRW,C.H. Robinson Worldwide,3.6,2020-03-05,Quarter,$0.5100,2020-03-27,Qualified,$72.57,2.74%,Services,Air Delivery And Freight Services,2020-03-06,2020-02-06,No
MOFG,"MidWestOne Financial Group, Inc.",2.8,2020-02-28,Quarter,$0.2200,2020-03-16,Qualified,$31.15,2.73%,Financial,Regional Southwest Banks,2020-03-02,2020-01-22,No
NBTB,NBT Bancorp,3.0,2020-02-27,Quarter,$0.2700,2020-03-13,Qualified,$38.16,2.73%,Financial,Regional Northeast Banks,2020-02-28,2020-01-27,No
HWC,Hancock Whitney Corporation,3.0,2020-03-04,Quarter,$0.2700,2020-03-16,Qualified,$38.08,2.71%,Financial,Regional Southeast Banks,2020-03-05,2020-01-27,No
FLR,Fluor Corp,2.2,2020-02-28,Quarter,$0.1000,2020-04-02,Qualified,$13.77,2.71%,Industrial Goods,Heavy Construction,2020-03-02,2020-02-06,No
OMF,"OneMain Holdings, Inc.",3.0,2020-02-25,Quarter,$0.3300,2020-03-13,Qualified,$46.52,2.71%,Financial,Credit Services,2020-02-26,2020-02-10,No
FAF,First American Financial,3.0,2020-03-06,Quarter,$0.4400,2020-03-16,Qualified,$65.12,2.71%,Financial,Surety And Title Insurance,2020-03-09,2020-01-23,No
GJT,STRATS Trust AllState Corp 2006-3 Asset Backed Tr Secs 04/01/2036,N/A,2020-02-27,Monthly,$0.0492,2020-03-02,Non-Qualified,$22.08,2.67%,Uncategorized,Other,2020-02-28,2020-02-13,No
SCBH,Seacoast Commerce Banc Holdings,N/A,2020-03-03,Quarter,$0.1200,2020-03-13,Qualified,$17.84,2.67%,Uncategorized,Other,2020-03-04,2020-02-19,No
KRNY,Kearny Financial,2.6,2020-03-03,Quarter,$0.0800,2020-03-18,Qualified,$11.75,2.66%,Financial,Savings And Loans,2020-03-04,2020-02-19,No
HE,Hawaiian Electric Industries,3.6,2020-02-25,Quarter,$0.3300,2020-03-10,Qualified,$49.54,2.65%,Utilities,Electric Utilities,2020-02-26,2020-02-11,No
HCSG,Healthcare Services Group,2.8,2020-02-27,Quarter,$0.2013,2020-03-27,Qualified,$30.55,2.64%,Services,Business Services,2020-02-28,2020-02-11,No
PEP,PepsiCo,3.6,2020-03-05,Quarter,$0.9550,2020-03-31,Qualified,$144.53,2.63%,Consumer Goods,Processed And Packaged Goods,2020-03-06,2020-02-10,No
PII,Polaris Industries,3.8,2020-02-28,Quarter,$0.6200,2020-03-16,Qualified,$87.78,2.62%,Consumer Goods,Recreational Vehicles,2020-03-02,2020-01-31,No
BLK,"BlackRock, Inc.",3.8,2020-03-04,Quarter,$3.6300,2020-03-23,Qualified,$536.43,2.61%,Financial,Investment Brokerage Regional,2020-03-05,2020-01-29,No
MTB,M&T Bank,4.0,2020-02-28,Quarter,$1.1000,2020-03-31,Qualified,$163.95,2.60%,Financial,Regional Northeast Banks,2020-03-02,2020-02-19,No
PCB,Pacific City Financial Corporation,2.6,2020-02-27,Quarter,$0.1000,2020-03-13,Qualified,$15.35,2.59%,Financial,Regional Pacific Banks,2020-02-28,2020-01-23,No
LEA,Lear Corporation,2.6,2020-02-27,Quarter,$0.7700,2020-03-18,Qualified,$112.57,2.58%,Consumer Goods,Auto Parts,2020-02-28,2020-02-06,No
PTVCA,Protective Insurance Corporation Class A,1.4,2020-02-25,Quarter,$0.1000,2020-03-11,Qualified,$15.50,2.58%,Financial,Property And Casualty Insurance,2020-02-26,2020-02-20,No
CRD-B,Crawford & Co. Cl B,N/A,2020-02-26,Quarter,$0.0500,2020-03-11,Qualified,$7.53,2.56%,Uncategorized,Other,2020-02-27,2020-02-11,No
FRME,First Merchants Corp,4.0,2020-03-05,Quarter,$0.2600,2020-03-20,Qualified,$40.37,2.53%,Financial,Regional Midwest Banks,2020-03-06,2020-02-05,No
PTVCB,Protective Insurance Corporation Class B,1.4,2020-02-25,Quarter,$0.1000,2020-03-11,Qualified,$15.66,2.53%,Financial,Property And Casualty Insurance,2020-02-26,2020-02-20,No
HUBB,Hubbell Inc.,3.4,2020-02-27,Quarter,$0.9100,2020-03-16,Qualified,$140.36,2.52%,Technology,Diversified Electronics,2020-02-28,2020-01-31,No
LBRT,Liberty Oilfield Services Inc. Class A,1.6,2020-03-05,Quarter,$0.0500,2020-03-20,Qualified,$7.51,2.51%,Basic Materials,Oil And Gas Equipment And Services,2020-03-06,2020-01-22,No
BWEL,J.G. Boswell Co,N/A,2020-02-27,Quarter,$3.7500,2020-03-10,Qualified,$598.00,2.51%,Uncategorized,Other,2020-03-01,2020-01-15,No
STAR,iStar Inc.,2.6,2020-02-28,Quarter,$0.1000,2020-03-16,Non-Qualified,$16.94,2.48%,Financial,Reit Diversified,2020-03-02,2020-02-20,No
WFC-PR-Z,Wells Fargo & Co. - 4.75% PRF PERPETUAL USD 25 - Ser Z Cl A,N/A,2020-02-27,Quarter,$0.1583,2020-03-16,Qualified,$25.40,2.48%,Uncategorized,Other,2020-02-28,2020-02-14,No
SOR,"Source Capital, Inc.",2.0,2020-02-27,Quarter,$0.2500,2020-03-15,Unknown,$39.80,2.46%,Financial,Closed End Fund Equity,2020-02-28,2020-02-10,No
HBB,Hamilton Beach Brands Holding Co. Class A,1.4,2020-02-27,Quarter,$0.0900,2020-03-13,Qualified,$14.37,2.44%,Technology,Diversified Electronics,2020-02-28,2020-02-12,No
UBOH,United Bancshares Inc. (OH),2.0,2020-02-27,Quarter,$0.1400,2020-03-16,Qualified,$22.49,2.41%,Financial,Money Center Banks,2020-02-28,2020-01-21,No
MBCN,Middlefield Banc Corp,2.0,2020-03-03,Quarter,$0.1500,2020-03-13,Qualified,$24.94,2.41%,Financial,Regional Northeast Banks,2020-03-04,2020-02-11,No
GATX,GATX Corporation,4.0,2020-02-27,Quarter,$0.4800,2020-03-31,Qualified,$75.68,2.40%,Services,Rental And Leasing Services,2020-02-28,2020-01-31,No
HY,"Hyster-Yale Materials Handling, Inc.",2.6,2020-02-28,Quarter,$0.3175,2020-03-13,Qualified,$50.17,2.39%,Consumer Goods,Trucks And Other Vehicles,2020-03-02,2020-02-19,No
KFRC,Kforce Inc.,3.4,2020-03-05,Quarter,$0.2000,2020-03-20,Qualified,$32.71,2.37%,Services,Staffing And Outsourcing Services,2020-03-06,2020-02-05,No
ES,Eversource Energy,4.0,2020-03-03,Quarter,$0.5675,2020-03-31,Qualified,$95.89,2.37%,Utilities,Diversified Utilities,2020-03-04,2020-02-05,No
CCNE,CNB Financial Corp,4.0,2020-02-27,Quarter,$0.1700,2020-03-13,Qualified,$28.38,2.36%,Financial,Regional Northeast Banks,2020-02-28,2020-02-11,No
AVT,"Avnet, Inc.",1.8,2020-03-03,Quarter,$0.2100,2020-03-18,Unknown,$34.20,2.36%,Services,Electronics Wholesale,2020-03-04,2020-02-06,No
HFBK,Harford Bank of Aberdeen,N/A,2020-02-27,Quarter,$0.1700,2020-03-27,Qualified,$29.07,2.34%,Uncategorized,Other,2020-02-28,2020-02-13,No
UIHC,United Insurance Holdings Corp. (NDA),1.6,2020-03-03,Quarter,$0.0600,2020-03-11,Non-Qualified,$10.03,2.34%,Financial,Property And Casualty Insurance,2020-03-04,2020-02-19,No
EIG,Employers Holdings,2.8,2020-03-03,Quarter,$0.2500,2020-03-18,Qualified,$42.40,2.33%,Financial,Property And Casualty Insurance,2020-03-04,2020-02-14,No
MCD,McDonald's,3.8,2020-02-28,Quarter,$1.2500,2020-03-16,Qualified,$214.05,2.32%,Services,Restaurants,2020-03-02,2020-01-23,No
NBHC,National Bank Holdings Corp,3.8,2020-02-27,Quarter,$0.2000,2020-03-13,Qualified,$33.80,2.32%,Financial,Regional Midwest Banks,2020-02-28,2020-01-21,No
DAN,Dana Holding ,2.6,2020-02-27,Quarter,$0.1000,2020-03-20,Qualified,$15.98,2.31%,Consumer Goods,Auto Parts,2020-02-28,2020-02-11,No
TRUX,Truxton Corp,N/A,2020-03-03,Quarter,$0.2800,2020-03-26,Qualified,$48.50,2.31%,Uncategorized,Other,2020-03-04,2020-01-30,No
NUBC,Northumberland Bancorp,N/A,2020-03-06,Quarter,$0.2100,2020-03-16,Qualified,$36.53,2.30%,Uncategorized,Other,2020-03-09,2020-02-18,No
DD,DuPont de Nemours Inc.,2.0,2020-02-27,Quarter,$0.3000,2020-03-16,Qualified,$50.07,2.29%,Basic Materials,Agricultural Chemicals,2020-02-28,2020-02-13,No
LMT,Lockheed Martin,3.8,2020-02-28,Quarter,$2.4000,2020-03-27,Qualified,$420.56,2.24%,Industrial Goods,Aerospace Defense Products And Services,2020-03-02,2020-01-24,No
HIG,Hartford Financial Services,3.0,2020-02-28,Quarter,$0.3250,2020-04-02,Qualified,$57.27,2.24%,Financial,Property And Casualty Insurance,2020-03-02,2020-02-03,No
OTTW,"Ottawa Bancorp, Inc.",2.0,2020-03-03,Quarter,$0.0800,2020-03-18,Qualified,$14.30,2.24%,Financial,Regional Midwest Banks,2020-03-04,2020-02-19,No
FBP,First Bancorp,3.0,2020-02-27,Quarter,$0.0500,2020-03-13,Unknown,$8.70,2.22%,Financial,Foreign Regional Banks,2020-02-28,2020-02-06,No
ULH,Universal Logistics Holdings Inc,2.2,2020-02-28,Quarter,$0.1050,2020-04-06,Qualified,$18.01,2.21%,Services,Trucking,2020-03-02,2020-02-06,No
NSP,"Insperity, Inc.",0.8,2020-03-04,Quarter,$0.4000,2020-03-19,Qualified,$70.62,2.20%,Services,Staffing And Outsourcing Services,2020-03-05,2020-02-19,No
BBD,Banco Bradesco S.A,2.4,2020-03-03,Monthly,$0.0037,2020-04-08,Unknown,$6.92,2.19%,Financial,Foreign Regional Banks,2020-03-04,N/A,Yes
RCKY,"Rocky Brands, Inc.",3.6,2020-02-28,Quarter,$0.1400,2020-03-16,Qualified,$24.88,2.19%,Consumer Goods,Textile Apparel Footwear And Accessories,2020-03-02,2020-02-17,No
BBDO,Banco Bradesco S.A.,1.4,2020-03-03,Monthly,$0.0034,2020-04-08,Unknown,$6.55,2.19%,Financial,Foreign Regional Banks,2020-03-04,N/A,No
SBLK,Star Bulk Carriers Corp Ord,1.6,2020-02-28,Quarter,$0.0500,2020-03-12,Unknown,$8.41,2.19%,Services,Shipping,2020-03-02,2020-02-19,No
HLI,"Houlihan Lokey, Inc.",4.0,2020-03-04,Quarter,$0.3100,2020-03-16,Qualified,$55.34,2.18%,Financial,Investment Brokerage National,2020-03-05,2020-02-03,No
RUTH,"Ruth's Hospitality Group, Inc.",3.6,2020-03-05,Quarter,$0.1500,2020-03-20,Qualified,$21.24,2.18%,Services,Restaurants,2020-03-06,2020-02-21,No
FXNC,"First National Corp. (Strasburg, VA)",N/A,2020-02-27,Quarter,$0.1100,2020-03-13,Qualified,$20.21,2.18%,Uncategorized,Other,2020-02-28,2020-02-12,No
RMAX,Re/Max Holdings Inc,3.8,2020-03-03,Quarter,$0.2200,2020-03-18,Qualified,$32.59,2.17%,Financial,Property Management,2020-03-04,2020-02-19,No
GS,Goldman Sachs,2.8,2020-02-28,Quarter,$1.2500,2020-03-30,Qualified,$224.75,2.17%,Financial,Investment Brokerage National,2020-03-02,2020-01-14,No
TSN,Tyson Foods,2.8,2020-02-27,Quarter,$0.4200,2020-03-13,Qualified,$76.08,2.13%,Consumer Goods,Meat Products,2020-02-28,2019-11-11,No
PTEN,Patterson-UTI Energy,0.8,2020-03-04,Quarter,$0.0400,2020-03-19,Qualified,$6.81,2.12%,Basic Materials,Oil And Gas Drilling And Exploration,2020-03-05,2020-02-06,No
DNKN,Dunkin Brands,3.6,2020-03-06,Quarter,$0.4025,2020-03-18,Qualified,$75.77,2.12%,Services,Restaurants,2020-03-09,2020-02-06,No
UNP,Union Pacific,4.0,2020-02-27,Quarter,$0.9700,2020-03-31,Qualified,$175.63,2.12%,Services,Railroads,2020-02-28,2020-02-06,No
BAC,Bank of America,2.8,2020-03-05,Quarter,$0.1800,2020-03-27,Qualified,$32.92,2.10%,Financial,Money Center Banks,2020-03-06,2020-01-29,No
MLHR,Herman Miller,3.6,2020-02-27,Quarter,$0.2100,2020-04-15,Qualified,$38.44,2.09%,Consumer Goods,Business Equipment,2020-02-29,2020-01-16,No
CPKF,Chesapeake Financial Shares Inc,N/A,2020-02-27,Quarter,$0.1250,2020-03-13,Qualified,$23.80,2.08%,Uncategorized,Other,2020-03-01,2020-01-17,No
JFWV,Jefferson Security Bank,N/A,2020-02-28,Semi Annually,$0.9500,2020-03-13,Qualified,$92.34,2.06%,Uncategorized,Other,2020-03-02,2020-02-19,No
CASS,Cass Information Systems,2.0,2020-03-02,Quarter,$0.2700,2020-03-13,Qualified,$51.98,2.04%,Financial,Regional Southwest Banks,2020-03-03,2020-01-28,No
WEN,The Wendy's Company,3.6,2020-02-28,Quarter,$0.1200,2020-03-16,Qualified,$23.51,2.03%,Services,Restaurants,2020-03-02,2020-02-20,No
FF,FutureFuel Corp.,1.4,2020-02-28,Quarter,$0.0600,2020-03-16,Qualified,$11.36,2.03%,Basic Materials,Chemicals Major Diversified,2020-03-02,2019-12-03,No
CNS,Cohen & Steers Inc.,3.8,2020-02-28,Quarter,$0.3900,2020-03-12,Qualified,$75.61,2.03%,Financial,Asset Management,2020-03-02,2020-02-20,No
MCS,Marcus Corp,3.4,2020-02-28,Quarter,$0.1700,2020-03-16,Qualified,$31.19,2.03%,Services,Lodging,2020-03-02,2020-02-19,No
CR,Crane Co.,3.8,2020-02-27,Quarter,$0.4300,2020-03-11,Qualified,$81.58,2.03%,Conglomerates,Conglomerates General,2020-02-28,2020-01-27,No
NEE,"NextEra Energy, Inc.",3.0,2020-02-27,Quarter,$1.4000,2020-03-16,Qualified,$276.90,2.02%,Utilities,Electric Utilities,2020-02-28,2020-02-14,No
ADI,Analog Devices,3.4,2020-02-27,Quarter,$0.6200,2020-03-10,Qualified,$117.57,2.02%,Technology,Semiconductor Broad Line,2020-02-28,2020-02-18,No
VVV,Valvoline Inc.,N/A,2020-02-27,Quarter,$0.1130,2020-03-16,Qualified,$21.79,2.02%,Uncategorized,Other,2020-02-28,2020-01-29,No
HON,Honeywell ,4.0,2020-02-27,Quarter,$0.9000,2020-03-06,Qualified,$175.73,2.00%,Industrial Goods,Aerospace Defense Products And Services,2020-02-28,2020-02-13,No
BWA,BorgWarner Inc.,2.6,2020-02-28,Quarter,$0.1700,2020-03-16,Qualified,$32.17,2.00%,Consumer Goods,Auto Parts,2020-03-02,2020-02-13,No
PEBK,Peoples Bancorp of North Carolina,1.8,2020-03-02,Quarter,$0.1500,2020-03-16,Qualified,$27.65,1.98%,Financial,Regional Mid Atlantic Banks,2020-03-03,2020-02-21,No
ARGO,"Argo Group International Holdings, Ltd.",3.6,2020-02-28,Quarter,$0.3100,2020-03-16,Unknown,$61.72,1.98%,Financial,Property And Casualty Insurance,2020-03-02,2020-02-18,No
GABK,Grand Bank Corp,N/A,2020-02-27,Quarter,$30.0000,2020-03-15,Qualified,"$6,100.00",1.97%,Uncategorized,Other,2020-03-01,2020-02-18,No
FANG,"Diamondback Energy, Inc.",2.2,2020-03-02,Quarter,$0.3750,2020-03-10,Qualified,$71.37,1.96%,Basic Materials,Oil And Gas Drilling And Exploration,2020-03-03,2020-02-18,No
FRFC,First Robinson Financial Corp.,N/A,2020-03-06,Quarter,$0.3000,2020-03-23,Qualified,$63.50,1.95%,Uncategorized,Other,2020-03-09,2020-02-18,No
TEX,Terex Corporation,2.4,2020-03-05,Quarter,$0.1200,2020-03-19,Unknown,$23.94,1.94%,Industrial Goods,Farm And Construction Machinery,2020-03-06,2020-02-11,No
BOTJ,"Bank of the James Financial Group, Inc.",1.8,2020-03-05,Quarter,$0.0700,2020-03-20,Qualified,$15.03,1.85%,Financial,Regional Mid Atlantic Banks,2020-03-06,2020-01-24,No
MVBF,MVB Financial Corp.,2.4,2020-02-27,Quarter,$0.0900,2020-03-15,Qualified,$19.44,1.84%,Financial,Regional Mid Atlantic Banks,2020-03-01,2020-02-20,No
SEE,Sealed Air Corp.,3.6,2020-03-05,Quarter,$0.1600,2020-03-20,Qualified,$34.40,1.83%,Consumer Goods,Packaging And Containers,2020-03-06,2020-02-13,No
STNG,Scorpio Tankers Inc.,2.0,2020-02-28,Quarter,$0.1000,2020-03-13,Unknown,$18.41,1.83%,Services,Shipping,2020-03-02,2020-02-18,No
NAD,Nuveen Dividend Advantage Municipal Fund Shs Ben Int,2.6,2020-02-25,Monthly,$0.0227,2020-03-02,Unknown,$15.09,1.82%,Financial,Closed End Fund Debt,2020-02-26,2020-02-18,No
CSGS,"CSG Systems International, Inc.",3.4,2020-03-05,Quarter,$0.2350,2020-03-25,Unknown,$49.93,1.82%,Technology,Business Software And Services,2020-03-06,2020-02-05,No
PIPR,Piper Sandler Co`s,N/A,2020-02-28,Quarter,$0.3750,2020-03-13,Qualified,$78.79,1.81%,Uncategorized,Other,2020-03-02,2020-01-31,No
JACK,Jack in the Box Inc.,4.0,2020-03-02,Quarter,$0.4000,2020-03-17,Qualified,$87.22,1.79%,Services,Restaurants,2020-03-03,2020-02-18,No
PAHC,Phibro Animal Health Corporation,2.4,2020-03-03,Quarter,$0.1200,2020-03-25,Qualified,$26.46,1.79%,Healthcare,Specialized Health Services,2020-03-04,2020-02-03,No
EGOV,NIC Inc.,3.2,2020-03-03,Quarter,$0.0900,2020-03-18,Qualified,$20.01,1.77%,Technology,Application Software,2020-03-04,2020-01-27,No
WM,Waste Management,3.8,2020-03-05,Quarter,$0.5450,2020-03-20,Qualified,$123.86,1.76%,Industrial Goods,Waste Management,2020-03-06,2020-02-18,No
AZN,AstraZeneca,1.8,2020-02-27,Semi Annually,$0.9300,2020-03-30,Unknown,$48.20,1.75%,Healthcare,Drug Manufacturers Major,2020-02-28,N/A,Yes
ALL,Allstate,3.0,2020-02-28,Quarter,$0.5400,2020-04-01,Qualified,$121.66,1.75%,Financial,Property And Casualty Insurance,2020-03-02,2020-02-20,No
HII,Huntington Ingalls Industries Inc,2.8,2020-02-27,Quarter,$1.0300,2020-03-13,Qualified,$233.47,1.75%,Industrial Goods,Aerospace Defense Products And Services,2020-02-28,2020-02-06,No
AVY,Avery Dennison,4.0,2020-03-03,Quarter,$0.5800,2020-03-18,Qualified,$127.86,1.73%,Consumer Goods,Paper And Paper Products,2020-03-04,2020-01-29,No
MGEE,MGE Energy,3.0,2020-02-27,Quarter,$0.3525,2020-03-15,Qualified,$80.27,1.73%,Utilities,Diversified Utilities,2020-03-01,2020-01-17,No
ALGT,Allegiant Travel Company,3.0,2020-02-28,Quarter,$0.7000,2020-03-12,Qualified,$153.67,1.72%,Services,Regional Airlines,2020-03-02,2020-01-30,No
NPO,"EnPro Industries, Inc.",3.6,2020-03-03,Quarter,$0.2600,2020-03-18,Qualified,$57.46,1.71%,Industrial Goods,Industrial Equipment And Components,2020-03-04,2020-02-19,No
SWK,"Stanley Black & Decker, Inc.",4.0,2020-03-02,Quarter,$0.6900,2020-03-17,Qualified,$151.44,1.70%,Industrial Goods,Machine Tools And Accessories,2020-03-03,2020-02-20,No
FFWM,"First Foundation, Inc.",2.6,2020-03-04,Quarter,$0.0700,2020-03-16,Qualified,$16.11,1.69%,Financial,Regional Pacific Banks,2020-03-05,2020-01-28,No
VAC,Marriott Vacations Worldwide Corp,2.8,2020-02-26,Quarter,$0.5400,2020-03-12,Qualified,$118.78,1.69%,Services,Resorts And Casinos,2020-02-27,2020-02-14,No
OPOF,Old Point Financial Corp,2.0,2020-03-03,Quarter,$0.1200,2020-03-27,Qualified,$27.35,1.68%,Financial,Regional Mid Atlantic Banks,2020-03-04,2020-02-21,No
EBAY,eBay Inc,3.4,2020-02-28,Quarter,$0.1600,2020-03-20,Non-Qualified,$37.31,1.68%,Technology,Information Technology Services,2020-03-02,2020-01-28,No
AJG,Arthur J. Gallagher & Co.,3.8,2020-03-05,Quarter,$0.4500,2020-03-20,Qualified,$107.20,1.67%,Financial,Insurance Brokers,2020-03-06,2020-01-29,No
GCCO,Garden City Co Colorado,N/A,2020-03-05,Quarter,$5.0000,2020-03-27,Qualified,"$1,200.00",1.67%,Uncategorized,Other,2020-03-06,2019-12-16,No
CTVA,"Corteva, Inc.",3.4,2020-03-02,Quarter,$0.1300,2020-03-13,Qualified,$30.57,1.67%,Basic Materials,Agricultural Chemicals,2020-03-03,2020-02-21,No
DOV,Dover Corp.,3.8,2020-02-27,Quarter,$0.4900,2020-03-16,Qualified,$115.44,1.64%,Industrial Goods,Diversified Machinery,2020-02-28,2020-02-14,No
TGNA,Tegna Inc,2.0,2020-03-05,Quarter,$0.0700,2020-04-01,Qualified,$16.33,1.64%,Services,Broadcasting Tv,2020-03-06,2020-02-19,No
SSTK,Shutterstock Inc,N/A,2020-03-04,Quarter,$0.1700,2020-03-19,Qualified,$40.47,1.63%,Uncategorized,Other,2020-03-05,2020-02-11,No
EQIX,"Equinix, Inc.",3.2,2020-02-25,Quarter,$2.6600,2020-03-18,Qualified,$643.93,1.62%,Technology,Internet Software And Services,2020-02-26,2020-02-12,No
FDX,FedEx,2.2,2020-03-06,Quarter,$0.6500,2020-04-01,Qualified,$154.86,1.59%,Services,Air Delivery And Freight Services,2020-03-09,2020-02-14,No
EML,Eastern Co. Com.,2.0,2020-02-28,Quarter,$0.1100,2020-03-16,Qualified,$27.02,1.59%,Industrial Goods,Small Tools And Accessories,2020-03-02,2020-02-11,No
NC,NACCO Industries,1.6,2020-02-27,Quarter,$0.1900,2020-03-13,Qualified,$47.90,1.58%,Industrial Goods,Farm And Construction Machinery,2020-02-28,2020-02-13,No
PBIP,Prudential Bancorp of Pennsylvania,1.8,2020-03-05,Quarter,$0.0700,2020-03-20,Qualified,$17.64,1.57%,Financial,Savings And Loans,2020-03-06,2020-02-19,No
CTB,Cooper Tire & Rubber Company,2.6,2020-03-02,Quarter,$0.1050,2020-03-27,Qualified,$27.44,1.57%,Consumer Goods,Rubber And Plastics,2020-03-03,2020-02-20,No
CBSH,Commerce Bankshares,2.8,2020-03-05,Quarter,$0.2700,2020-03-23,Qualified,$67.15,1.56%,Financial,Regional Southwest Banks,2020-03-06,2020-02-07,No
AEM,Agnico-Eagle Mines,3.2,2020-02-27,Quarter,$0.2000,2020-03-16,Unknown,$52.49,1.54%,Basic Materials,Gold,2020-02-28,2020-02-13,No
OI,Owens-Illinois Inc,2.4,2020-02-27,Quarter,$0.0500,2020-03-16,Qualified,$13.24,1.54%,Consumer Goods,Packaging And Containers,2020-02-28,2020-02-04,No
PRGO,Perrigo Company,2.4,2020-02-27,Quarter,$0.2250,2020-03-17,Unknown,$60.55,1.51%,Healthcare,Drug Related Products,2020-02-28,2020-02-18,No
YORW,York Water,3.0,2020-02-27,Quarter,$0.1802,2020-04-15,Qualified,$48.72,1.48%,Utilities,Water Utilities,2020-02-28,2020-01-27,No
OTEX,Open Text Corporation,2.4,2020-02-27,Quarter,$0.1746,2020-03-20,Qualified,$44.99,1.48%,Technology,Application Software,2020-02-28,2020-01-29,No
PRGS,Progress Software Corp.,3.8,2020-02-28,Quarter,$0.1650,2020-03-16,Qualified,$41.91,1.47%,Technology,Application Software,2020-03-02,2020-01-08,No
BHWB,Blackhawk Bancorp Inc.,N/A,2020-03-05,Quarter,$0.1100,2020-03-20,Qualified,$29.90,1.47%,Uncategorized,Other,2020-03-06,2020-02-19,No
MANT,ManTech International,3.0,2020-03-05,Quarter,$0.3200,2020-03-20,Qualified,$87.42,1.45%,Technology,Security Software And Services,2020-03-06,2020-02-19,No
OC,Owens Corning,2.8,2020-03-05,Quarter,$0.2400,2020-04-03,Qualified,$62.79,1.44%,Industrial Goods,General Building Materials,2020-03-06,2020-02-06,No
CTRN,"Citi Trends, Inc.",3.6,2020-03-02,Quarter,$0.0800,2020-03-17,Unknown,$21.98,1.42%,Services,Apparel Stores,2020-03-03,2020-02-19,No
FDP,Fresh Del Monte Produce Inc. Ord,2.6,2020-03-03,Quarter,$0.1000,2020-03-27,Unknown,$27.44,1.40%,Consumer Goods,Farm Products,2020-03-04,2020-02-19,No
NNI,Nelnet Inc Cl A,1.6,2020-02-27,Quarter,$0.2000,2020-03-13,Qualified,$56.67,1.36%,Financial,Credit Services,2020-02-28,2020-01-31,No
ASH,Ashland Inc.,3.2,2020-02-27,Quarter,$0.2750,2020-03-15,Qualified,$79.09,1.35%,Basic Materials,Chemicals Major Diversified,2020-02-28,2020-01-31,Yes
FBHS,Fortune Brands Home & Security Inc,3.8,2020-02-27,Quarter,$0.2400,2020-03-18,Qualified,$68.65,1.35%,Consumer Goods,Home Furnishings And Fixtures,2020-02-28,2019-12-10,No
MAR,"Marriott International, Inc.",3.4,2020-02-27,Quarter,$0.4800,2020-03-31,Qualified,$135.46,1.31%,Services,Lodging,2020-02-28,2020-02-14,No
CSX,CSX Corp,3.8,2020-02-27,Quarter,$0.2600,2020-03-13,Qualified,$77.88,1.31%,Services,Railroads,2020-02-28,2020-02-12,No
GOLD,"Randgold Resources, Ltd. ADR",3.6,2020-02-27,Quarter,$0.0700,2020-03-16,Unknown,$22.15,1.31%,Basic Materials,Gold,2020-02-28,2020-02-12,Yes
FOX,Twenty-First Century Fox Inc,2.4,2020-03-03,Semi Annually,$0.2300,2020-04-01,Qualified,$34.62,1.30%,Services,Entertainment Diversified,2020-03-04,2020-02-05,No
FOXA,Twenty-First Century Fox Inc,2.4,2020-03-03,Semi Annually,$0.2300,2020-04-01,Qualified,$35.01,1.28%,Services,Entertainment Diversified,2020-03-04,2020-02-05,No
LUV,Southwest Airlines,2.6,2020-03-03,Quarter,$0.1800,2020-03-25,Qualified,$53.71,1.27%,Services,Regional Airlines,2020-03-04,2020-01-29,No
LMAT,LeMaitre Vascular Inc,2.6,2020-03-02,Quarter,$0.0950,2020-03-19,Qualified,$30.00,1.25%,Healthcare,Medical Instruments And Supplies,2020-03-03,2020-01-30,No
WHD,Cactus Inc - Ordinary Shares - Class A,N/A,2020-02-28,Quarter,$0.0900,2020-03-19,Qualified,$27.61,1.23%,Uncategorized,Other,2020-03-02,2020-01-30,No
GHL,Greenhill & Co.,2.2,2020-03-03,Quarter,$0.0500,2020-03-18,Qualified,$15.87,1.22%,Financial,Investment Brokerage Regional,2020-03-04,2020-02-04,No
CTXS,"Citrix Systems, Inc.",2.4,2020-03-05,Quarter,$0.3500,2020-03-20,Qualified,$113.62,1.21%,Technology,Business Software And Services,2020-03-06,2020-01-21,No
CDK,CDK Global Inc,3.8,2020-02-28,Quarter,$0.1500,2020-03-30,Qualified,$48.44,1.20%,Technology,Application Software,2020-03-02,2020-02-18,No
TWCF,Town & Country Financial Corp.,N/A,2020-02-28,Quarter,$0.0700,2020-03-13,Qualified,$23.50,1.19%,Uncategorized,Other,2020-03-02,2020-01-30,No
SFDL,Security Federal Corp,N/A,2020-02-27,Quarter,$0.1000,2020-03-15,Qualified,$33.80,1.18%,Uncategorized,Other,2020-02-29,2020-01-16,No
BDORY,Banco Do Brasil S.A. - ADR,N/A,2020-02-26,Quarter,$0.0756,2020-03-16,Unknown,$10.47,1.18%,Uncategorized,Other,2020-02-27,N/A,No
XYL,Xylem Inc.,3.4,2020-02-26,Quarter,$0.2600,2020-03-26,Qualified,$88.52,1.17%,Industrial Goods,Diversified Machinery,2020-02-27,2020-02-06,No
NEM,Newmont Mining,3.6,2020-03-04,Quarter,$0.1400,2020-03-19,Qualified,$50.74,1.16%,Basic Materials,Gold,2020-03-05,2020-02-18,No
HCA,HCA Holdings Inc,3.4,2020-02-28,Quarter,$0.4300,2020-03-31,Qualified,$141.25,1.16%,Healthcare,Hospitals,2020-03-02,2020-01-28,No
GPI,Group 1 Automotive,2.8,2020-02-28,Quarter,$0.3000,2020-03-16,Qualified,$101.96,1.13%,Services,Auto Dealerships,2020-03-02,2020-02-18,No
AFAP,AFA Protective Systems Inc.,N/A,2020-02-28,Quarter,$0.5000,2020-03-16,Qualified,$180.00,1.11%,Uncategorized,Other,2020-03-02,2020-01-20,No
FWRD,Forward Air Corp,3.6,2020-03-04,Quarter,$0.1800,2020-03-20,Qualified,$63.34,1.10%,Services,Trucking,2020-03-05,2020-02-04,No
MOS,Mosaic Co.,2.0,2020-03-04,Quarter,$0.0500,2020-03-19,Qualified,$18.72,1.08%,Basic Materials,Agricultural Chemicals,2020-03-05,2019-12-19,No
NLSN,Nielsen Holdings N.V.,2.6,2020-03-04,Quarter,$0.0600,2020-03-19,Unknown,$21.49,1.08%,Technology,Information And Delivery Services,2020-03-05,2020-02-21,No
SCL,Stepan Co.,3.8,2020-03-04,Quarter,$0.2750,2020-03-13,Qualified,$97.22,1.08%,Consumer Goods,Cleaning Products,2020-03-05,2020-02-19,No
ABTX,Allegiance Bancshares Inc,N/A,2020-02-27,Quarter,$0.1000,2020-03-16,Qualified,$36.64,1.06%,Uncategorized,Other,2020-02-28,2020-01-29,No
BAM,Brookfield Asset Management,2.4,2020-02-27,Quarter,$0.1800,2020-03-31,Unknown,$65.95,1.06%,Financial,Asset Management,2020-02-28,2020-02-13,No
ICBK,County Bancorp Inc,1.8,2020-03-05,Quarter,$0.0700,2020-03-20,Qualified,$26.01,1.06%,Financial,Savings And Loans,2020-03-06,2020-02-18,No
TNC,Tennant Co.,3.2,2020-02-28,Quarter,$0.2200,2020-03-16,Qualified,$82.37,1.05%,Industrial Goods,Diversified Machinery,2020-03-02,2020-02-19,No
BF-A,Brown-Forman Corporation,3.6,2020-03-06,Quarter,$0.1743,2020-04-01,Qualified,$64.95,1.05%,Consumer Goods,Beverages Wineries And Distillers,2020-03-09,2020-01-28,No
BRKS,"Brooks Automation, Inc. (USA)",3.2,2020-03-05,Quarter,$0.1000,2020-03-27,Non-Qualified,$36.38,1.05%,Technology,Semiconductor Equipment And Materials,2020-03-06,2020-02-06,No
YUMC,"Yum China Holdings, Inc.",2.2,2020-03-03,Quarter,$0.1200,2020-03-25,Qualified,$45.87,1.04%,Services,Restaurants,2020-03-04,2020-02-05,Yes
TR,Tootsie Roll,1.6,2020-03-02,Quarter,$0.0900,2020-03-27,Qualified,$34.62,1.02%,Consumer Goods,Confectioners,2020-03-03,2020-02-18,No
CXO,Concho Resources Inc.,1.8,2020-02-27,Quarter,$0.2000,2020-03-27,Qualified,$73.37,1.01%,Basic Materials,Oil And Gas Drilling And Exploration,2020-02-28,2020-02-18,No
JKHY,Jack Henry & Associates,3.0,2020-02-28,Quarter,$0.4300,2020-03-19,Qualified,$167.46,1.01%,Technology,Business Software And Services,2020-03-02,2020-02-10,No
VMC,Vulcan Materials,3.4,2020-02-25,Quarter,$0.3400,2020-03-10,Qualified,$130.34,1.00%,Industrial Goods,General Building Materials,2020-02-26,2020-02-14,No
RLI,RLI Corp,2.6,2020-02-27,Quarter,$0.2300,2020-03-20,Qualified,$89.99,1.00%,Financial,Property And Casualty Insurance,2020-02-28,2020-02-13,No
BF-B,Brown-Forman,3.6,2020-03-06,Quarter,$0.1743,2020-04-01,Qualified,$67.52,0.99%,Consumer Goods,Beverages Wineries And Distillers,2020-03-09,2020-01-28,No
SF,Stifel Financial Corp. Com.,2.8,2020-02-28,Quarter,$0.1700,2020-03-16,Qualified,$64.39,0.99%,Financial,Investment Brokerage Regional,2020-03-02,2020-01-30,No
EFX,Equifax,3.8,2020-03-03,Quarter,$0.3900,2020-03-13,Qualified,$155.94,0.98%,Financial,Credit Services,2020-03-04,2020-02-20,No
SLM,SLM Corporation,2.8,2020-03-05,Quarter,$0.0300,2020-03-16,Qualified,$11.73,0.98%,Financial,Credit Services,2020-03-06,2020-01-30,No
BMI,Badger Meter,2.6,2020-02-27,Quarter,$0.1700,2020-03-13,Qualified,$68.08,0.98%,Technology,Scientific And Technical Instruments,2020-02-28,2020-02-14,No
B,Barnes Group,3.6,2020-02-26,Quarter,$0.1600,2020-03-10,Qualified,$62.91,0.97%,Industrial Goods,Industrial Equipment And Components,2020-02-27,2020-02-14,No
MCK,McKesson Corp,2.8,2020-02-28,Quarter,$0.4100,2020-04-01,Qualified,$168.21,0.96%,Services,Drugs Wholesale,2020-03-02,2020-01-28,No
NKE,Nike Inc.,3.4,2020-02-28,Quarter,$0.2450,2020-04-01,Qualified,$96.57,0.96%,Consumer Goods,Textile Apparel Footwear And Accessories,2020-03-02,2020-02-13,No
BAX,Baxter International,2.4,2020-02-27,Quarter,$0.2200,2020-04-01,Qualified,$90.44,0.95%,Healthcare,Medical Instruments And Supplies,2020-02-28,2020-02-18,No
COWN,Cowen Inc - Ordinary Shares - Class A,N/A,2020-02-28,Quarter,$0.0400,2020-03-16,Qualified,$16.36,0.94%,Uncategorized,Other,2020-03-02,2020-02-12,No
VOYA,Voya Financial Inc,2.4,2020-02-27,Quarter,$0.1500,2020-03-27,Qualified,$60.62,0.94%,Financial,Property And Casualty Insurance,2020-02-28,2020-01-30,No
MCPH,Midland Capital Holdings Corp,N/A,2020-03-03,Quarter,$0.0400,2020-03-18,Qualified,$16.85,0.94%,Uncategorized,Other,2020-03-04,2020-01-30,No
PRSP,"Perspecta, Inc.",1.8,2020-03-02,Quarter,$0.0600,2020-04-15,Qualified,$25.11,0.93%,Technology,Information Technology Services,2020-03-03,2020-02-11,No
KSU,Kansas City Southern ,3.6,2020-03-06,Quarter,$0.4000,2020-04-08,Qualified,$168.42,0.92%,Services,Railroads,2020-03-09,2020-01-30,No
SHW,Sherwin Williams,3.4,2020-02-28,Quarter,$1.3400,2020-03-13,Qualified,$564.50,0.92%,Basic Materials,Chemicals Major Diversified,2020-03-02,2020-02-19,No
EL,Estee Lauder,3.4,2020-02-27,Quarter,$0.4800,2020-03-16,Qualified,$202.03,0.92%,Consumer Goods,Personal Products,2020-02-28,2020-02-06,No
G,Genpact Limited,3.6,2020-03-06,Quarter,$0.0975,2020-03-18,Unknown,$43.28,0.89%,Services,Management Services,2020-03-09,2020-02-06,No
EBIX,Ebix Inc. ,1.6,2020-02-28,Quarter,$0.0750,2020-03-16,Non-Qualified,$31.84,0.89%,Technology,Business Software And Services,2020-03-02,2020-02-19,No
SPGI,S&P Global Inc.,3.4,2020-02-25,Quarter,$0.6700,2020-03-11,Qualified,$288.59,0.88%,Services,Business Services,2020-02-26,2020-01-29,No
UFPI,Universal Forest Products,3.8,2020-02-27,Quarter,$0.1250,2020-03-15,Qualified,$55.61,0.88%,Industrial Goods,Lumber Wood Production,2020-03-01,2020-01-30,No
H,Hyatt Hotels Corporation,3.2,2020-02-25,Quarter,$0.2000,2020-03-09,Qualified,$86.01,0.87%,Services,Lodging,2020-02-26,2020-02-14,No
WTS,Watts Water Technologies,3.6,2020-02-27,Quarter,$0.2300,2020-03-13,Qualified,$106.11,0.86%,Industrial Goods,Industrial Equipment And Components,2020-02-28,2020-02-06,No
MLM,Martin Marietta Materials,3.4,2020-02-28,Quarter,$0.5500,2020-03-31,Qualified,$247.29,0.85%,Industrial Goods,General Building Materials,2020-03-02,2020-02-20,No
KNX,Knight Transportation,3.6,2020-03-02,Quarter,$0.0800,2020-03-27,Qualified,$38.03,0.82%,Services,Trucking,2020-03-03,2020-02-07,No
PAAS,Pan American Silver,2.6,2020-02-28,Quarter,$0.0500,2020-03-12,Unknown,$25.33,0.80%,Basic Materials,Industrial Metals And Minerals,2020-03-02,2020-02-19,No
BLL,Ball Corp,3.4,2020-02-28,Quarter,$0.1500,2020-03-16,Qualified,$76.67,0.78%,Consumer Goods,Packaging And Containers,2020-03-02,2020-01-29,No
SSNC,SS and C Technologies Holdings Inc,2.8,2020-02-28,Quarter,$0.1250,2020-03-16,Unknown,$61.94,0.77%,Technology,Business Software And Services,2020-03-02,2020-02-14,No
AWI,Armstrong World Industry Inc,3.6,2020-03-04,Quarter,$0.2000,2020-03-20,Qualified,$108.30,0.75%,Industrial Goods,General Building Materials,2020-03-05,2020-02-19,No
POWI,Power Integrations Inc.,2.6,2020-02-27,Quarter,$0.1900,2020-03-31,Qualified,$95.25,0.75%,Technology,Semiconductor Integrated Circuits,2020-02-28,2020-01-31,No
WCN,Waste Connections,3.4,2020-02-26,Quarter,$0.1850,2020-03-12,Unknown,$102.51,0.72%,Industrial Goods,Waste Management,2020-02-27,2020-02-12,No
WMS,Advanced Drainage Systems Inc,1.8,2020-02-28,Quarter,$0.0900,2020-03-16,Qualified,$48.64,0.71%,Consumer Goods,Rubber And Plastics,2020-03-02,2020-02-06,No
TGI,Triumph Group,2.2,2020-02-28,Quarter,$0.0400,2020-03-16,Qualified,$22.78,0.66%,Industrial Goods,Aerospace Defense Products And Services,2020-03-02,2020-02-12,No
BLKB,BlackBaud,2.4,2020-02-27,Quarter,$0.1200,2020-03-13,Non-Qualified,$72.99,0.64%,Technology,Business Software And Services,2020-02-28,2020-02-10,No
TW,Towers Watson & Co.,N/A,2020-02-28,Quarter,$0.0800,2020-03-16,Unknown,$52.54,0.62%,Uncategorized,Other,2020-03-02,2020-02-12,No
ZEUS,Olympic Steel,1.2,2020-02-28,Quarter,$0.0200,2020-03-16,Qualified,$12.94,0.61%,Basic Materials,Steel And Iron,2020-03-02,2020-02-11,No
EVTC,Evertec Inc,3.4,2020-03-03,Quarter,$0.0500,2020-04-03,Qualified,$32.13,0.60%,Technology,Business Software And Services,2020-03-04,2020-02-20,No
UHS,Universal Health Services,4.0,2020-02-28,Quarter,$0.2000,2020-03-16,Qualified,$140.92,0.57%,Healthcare,Hospitals,2020-03-02,2020-01-30,No
FBC,"Flagstar Bancorp, Inc.",1.8,2020-02-28,Quarter,$0.0500,2020-03-16,Qualified,$34.65,0.57%,Financial,Savings And Loans,2020-03-02,2020-01-28,No
ITUB,Itau Unibanco Banco Holding SA,1.6,2020-02-25,Monthly,$0.0991,2020-03-16,Unknown,$7.31,0.56%,Financial,Foreign Money Center Banks,2020-02-26,N/A,Yes
HLT,Hilton Worldwide Holdings Inc.,3.4,2020-02-27,Quarter,$0.1500,2020-03-31,Qualified,$104.61,0.55%,Services,Lodging,2020-02-28,2020-02-10,No
BBU,Brookfield Business Partners L.P.,1.0,2020-02-27,Quarter,$0.0625,2020-03-31,Unknown,$44.64,0.54%,Services,Business Services,2020-02-28,2020-02-06,No
UNF,Unifirst Corp,3.6,2020-03-06,Quarter,$0.2500,2020-03-30,Qualified,$200.88,0.49%,Services,Business Services,2020-03-09,2020-01-14,No
L,Loews Corp,3.0,2020-02-25,Quarter,$0.0625,2020-03-10,Qualified,$52.44,0.47%,Financial,Property And Casualty Insurance,2020-02-26,2020-02-11,No
CGNX,Cognex,3.2,2020-02-27,Quarter,$0.0550,2020-03-13,Qualified,$48.16,0.44%,Technology,Scientific And Technical Instruments,2020-02-28,2020-02-13,No
WING,Wingstop Inc.,1.6,2020-03-05,Quarter,$0.1100,2020-03-20,Qualified,$98.93,0.43%,Services,Restaurants,2020-03-06,2020-02-19,No
CUB,Cubic Corp.,2.2,2020-02-28,Semi Annually,$0.1350,2020-03-12,Qualified,$59.84,0.43%,Technology,Scientific And Technical Instruments,2020-03-02,2020-02-17,No
ODFL,"Old Dominion Freight Line, Inc. Com.",3.4,2020-03-03,Quarter,$0.2300,2020-03-18,Qualified,$215.39,0.41%,Services,Trucking,2020-03-04,2020-02-06,No
SBNC,Southern Bancshares Inc.,N/A,2020-02-27,Quarter,$3.7500,2020-03-13,Qualified,"$3,829.01",0.39%,Uncategorized,Other,2020-02-28,2020-01-21,No
PJT,"PJT Partners, Inc. Class A",2.6,2020-03-03,Quarter,$0.0500,2020-03-18,Qualified,$50.68,0.39%,Financial,Investment Brokerage National,2020-03-04,2020-02-04,No
FTV,Fortive Corporation,3.6,2020-02-27,Quarter,$0.0700,2020-03-27,Qualified,$72.75,0.37%,Industrial Goods,Industrial Equipment And Components,2020-02-28,2020-01-28,No
TFX,Teleflex,3.4,2020-02-28,Quarter,$0.3400,2020-03-16,Qualified,$359.19,0.35%,Industrial Goods,Diversified Machinery,2020-03-02,2020-02-20,No
GE,General Electric,3.4,2020-03-06,Quarter,$0.0100,2020-04-27,Qualified,$11.89,0.33%,Conglomerates,Conglomerates General,2020-03-09,2020-02-14,No
BRKR,Bruker Corporation,3.6,2020-03-06,Quarter,$0.0400,2020-03-20,Unknown,$47.78,0.32%,Healthcare,Medical Laboratories And Research,2020-03-09,2020-02-20,No
HL,Hecla Mining Company,1.8,2020-03-05,Quarter,$0.0025,2020-03-13,Qualified,$3.27,0.30%,Basic Materials,Silver,2020-03-06,2020-02-21,No
KNSL,"Kinsale Capital Group, Inc.",2.6,2020-02-27,Quarter,$0.0900,2020-03-12,Qualified,$124.76,0.28%,Financial,Property And Casualty Insurance,2020-02-28,2020-02-13,No
CHE,Chemed Corp,3.8,2020-02-28,Quarter,$0.3200,2020-03-23,Qualified,$478.52,0.26%,Healthcare,Home Health Care,2020-03-02,2020-02-21,No
MLAB,"Mesa Laboratories, Inc. Com.",3.0,2020-02-27,Quarter,$0.1600,2020-03-16,Qualified,$263.58,0.24%,Healthcare,Medical Instruments And Supplies,2020-02-28,2020-01-09,No
SEB,Seaboard Corp,1.6,2020-02-28,Quarter,$2.2500,2020-03-12,Qualified,"$3,872.60",0.23%,Consumer Goods,Meat Products,2020-03-02,2020-02-19,No
NVDA,NVIDIA Corporation,3.2,2020-02-27,Quarter,$0.1600,2020-03-20,Qualified,$277.70,0.21%,Technology,Semiconductor Specialized,2020-02-28,2020-02-13,No
HCKG,Hocking Valley Bancshares Inc,N/A,2020-03-05,Quarter,$0.3000,2020-03-13,Qualified,$755.00,0.16%,Uncategorized,Other,2020-03-06,2020-02-19,No
PKIN,Pekin Life Insurance Co.,N/A,2020-02-28,Annually,$0.0100,2020-04-01,Qualified,$12.75,0.08%,Uncategorized,Other,2020-03-02,2020-02-12,No
NZSTY,NZX Limited - ADR,N/A,2020-03-04,Semi Annually,$0.0297,2020-04-06,Unknown,$0.00,0.00%,Uncategorized,Other,2020-03-05,N/A,No
BURCB,Burnham Holdings Inc - Ordinary Shares - Class B,N/A,2020-03-05,Quarter,$0.2200,2020-03-13,Non-Qualified,$15.85,0.00%,Uncategorized,Other,2020-03-06,2020-02-20,No
SBNCN,Southern Bancshares Inc. - PFS PERPETUAL USD - Class C 0%,N/A,2020-02-27,Quarter,$0.2200,2020-03-13,Qualified,$12.00,0.00%,Uncategorized,Other,2020-02-28,2020-01-21,No
